Id,SalePrice
FDW58,1572.6401
FDW14,1406.9237
NCN55,628.86005
FDQ58,2522.4187
FDY38,6059.22
FDH56,1866.3013
FDL48,681.12885
FDC48,1995.8188
FDN33,1538.6992
FDA36,2907.3665
FDT44,2001.2688
FDQ56,1406.1725
NCC54,656.752
FDU11,2227.557
DRL59,784.77454
FDM24,2405.981
FDI57,3483.8755
DRC12,2827.9062
NCM42,2844.2764
FDA46,544.54755
FDA31,2747.9907
NCJ31,3707.401
FDG52,729.32623
NCL19,390.34778
FDS10,2884.7307
FDX22,820.1136
NCF19,796.18634
NCE06,2535.0247
DRC27,3696.4014
FDE21,2036.5305
NCR42,107.67344
FDX51,2608.941
NCR06,458.30295
FDU31,4260.3164
FDU59,2636.0698
FDR03,5588.157
FDS49,2193.3232
FDD48,310.32944
NCF18,3228.9058
NCD43,2073.5938
NCD54,1893.0586
FDY19,273.8193
NCY54,2602.2688
NCL19,2002.7161
FDP23,407.89975
FDC26,1809.4153
FDR14,162.13826
NCS41,3179.4478
FDF41,3942.4175
FDU34,2013.564
DRH11,976.3121
FDM03,1690.531
FDS31,3119.9639
FDJ20,1895.5858
FDV44,4985.883
FDG02,3104.2449
FDA09,3150.9934
FDT04,618.79877
FDL58,656.24506
FDE52,1395.3647
FDW12,2452.3433
FDL51,3488.026
NCY42,3397.017
FDR07,1472.2361
FDN40,2127.0938
FDB35,2374.355
FDA22,3225.215
NCL06,4671.786
FDI35,3482.3323
NCW42,4111.228
NCX06,3327.2046
FDC37,2532.7566
FDZ14,1732.7367
DRG49,4896.0117
NCG06,3759.0022
DRC36,2786.5798
FDV21,338.4306
FDB53,2499.0688
DRP47,668.1847
FDA14,2365.347
DRC24,2621.413
FDW21,2067.56
NCH29,1747.2452
FDU58,3083.496
FDY27,2726.3958
FDV56,1669.6459
FDT59,3886.9753
FDB23,3538.0034
FDR49,766.42334
FDB03,472.39487
FDN39,3192.6868
FDX02,6055.119
FDQ16,2613.0928
FDU35,1361.654
NCT29,2112.3535
FDZ27,714.53784
FDN57,2094.884
FDA03,1981.1947
FDZ36,2989.1711
NCU05,1340.4034
FDT39,2142.0085
FDK60,1683.7465
FDZ25,2968.0674
FDG12,2048.1506
DRB01,512.4171
NCC43,5945.202
FDX13,793.4154
FDM22,906.44446
FDJ03,1393.5862
FDU14,3711.2988
FDB33,493.56894
FDP27,3277.4531
FDO38,203.02213
FDE28,5858.001
FDO27,1562.9371
DRL23,2282.4495
FDS28,874.18964
FDX24,1450.2462
FDZ02,1643.6704
FDL46,1127.7728
FDS60,3996.667
NCO06,597.61316
FDO16,1749.1598
FDC60,1759.1317
FDA48,2867.478
FDZ36,5086.113
FDK27,1991.6622
FDW23,511.28534
FDM14,1409.2574
FDM14,1658.1016
FDW60,2305.3123
FDE21,1990.5424
NCM42,1752.5586
FDY59,237.79395
DRI49,1324.6759
FDT28,364.6662
FDQ22,461.13547
FDR60,1328.3933
FDC50,311.32898
FDV24,2280.9207
DRF48,602.3264
FDQ47,666.7618
DRN36,1468.3167
NCY06,2113.842
FDE52,1496.9044
NCB54,1823.7723
NCF31,2450.4854
FDJ08,4223.0854
NCC07,1675.4844
NCD19,1744.0487
FDL46,1853.9086
FDM20,3706.1636
NCI06,409.2322
DRM11,4223.118
NCH07,2410.6084
FDS23,1986.9764
FDO49,681.4878
FDS35,1120.1948
DRK39,1313.3595
DRI39,869.70465
FDV04,2419.102
NCN14,3263.7766
FDH08,4733.2935
FDS20,3179.0647
FDV40,1195.2964
FDZ48,250.66905
FDS24,2348.1394
FDK44,2773.9946
FDS48,2495.4368
FDK26,565.2892
FDD23,3777.016
NCH54,2887.6296
NCP14,284.87717
FDM60,109.05651
FDV24,2282.8518
FDH08,3520.967
FDS12,3200.6616
FDR39,5159.604
FDP12,1025.0133
DRF60,6540.0903
FDC09,1729.9197
FDF50,2877.352
FDG28,3857.0947
NCE19,940.4646
NCM53,308.93674
NCN18,1814.4366
FDF32,3061.6675
FDF11,4108.4272
DRI59,3800.8467
NCG54,2924.6294
FDM44,1686.1326
FDT57,3062.7253
FDV24,2270.9834
FDI50,690.6841
FDS09,824.05707
NCC31,3791.299
FDQ07,294.1092
FDC22,3000.2466
FDZ56,2638.2485
FDZ40,167.92058
FDS46,2746.5632
DRD24,2162.1738
FDV45,3184.4165
FDL26,2502.4429
FDA56,1790.5576
FDN27,1650.2168
FDM20,4002.7053
FDO16,1651.0812
FDL03,3341.3193
FDE58,1823.5984
FDI02,3510.2073
NCC55,98.00548
FDR03,3093.4968
FDB14,1579.3849
FDR45,4043.923
NCN07,2214.1807
FDM51,288.2132
FDT52,6137.379
FDL26,2484.648
NCZ42,3729.614
DRI47,454.63608
FDW40,2272.3284
FDN34,3092.2883
FDS01,3131.1184
NCG55,1858.5793
FDC11,1322.1763
FDX35,2659.6567
NCB06,2555.2056
FDR09,687.7221
FDC53,1686.4689
FDY45,4564.7817
FDA22,439.68723
FDE02,1622.6326
FDW21,1694.6906
FDV34,1236.3954
FDS59,1763.0431
NCW17,2298.6807
NCK54,1975.1003
FDG17,608.57275
FDG35,3980.5845
FDD08,145.6832
NCO07,4359.9785
FDJ10,317.22238
FDW36,1732.3319
FDW21,299.382
FDY19,1859.0857
DRE03,695.196
NCC55,737.9422
FDH52,143.80452
FDO09,4398.8384
FDU43,4110.881
FDX09,454.91776
FDH40,267.42838
FDW58,1626.6335
FDC47,3938.8403
NCR41,1574.7865
DRG49,4272.1772
FDC52,3545.6287
FDY13,1255.7992
FDY35,732.14075
FDI35,4161.585
NCU18,2390.4448
FDY33,2378.9102
FDC15,2955.7927
FDU01,3273.8018
NCU42,2792.8127
NCV29,2405.7532
NCY30,3247.2268
FDQ46,1824.9764
FDG58,3375.865
FDK33,4068.7808
NCD07,1737.3615
NCX29,3423.906
NCT42,2317.3413
DRN59,778.62555
FDI44,1379.3566
FDA45,2476.655
FDP31,845.6901
FDY01,1950.514
FDT09,1928.9152
DRH03,2218.9688
FDA36,2178.1218
NCF31,2386.4075
FDG14,2503.5422
FDG28,6362.11
FDU14,4073.247
FDY47,323.3279
FDI56,1449.0707
DRD01,873.129
FDM22,937.02454
FDH33,657.9286
DRZ24,1870.4661
NCQ38,1634.5537
FDO16,1888.7347
FDU07,3966.2463
NCB07,2979.8616
FDU48,2192.1753
NCM43,2740.9753
FDR31,359.11295
DRK49,469.90704
NCI30,606.6101
DRD60,3144.9578
NCG19,3290.7502
FDH12,1716.7573
FDM32,1432.5791
FDM27,2525.904
NCU53,4733.465
NCQ18,1581.7642
FDS10,2853.3555
FDB33,4059.8203
FDI12,1370.7184
NCW42,4167.4507
NCC06,1919.618
FDW02,2445.812
NCD43,1776.6235
FDM57,1162.0302
FDA58,3411.8596
FDK56,2936.0374
FDP52,4824.383
FDW20,1788.1813
FDS52,1520.9011
NCT29,1760.785
NCL54,2914.8792
FDC05,2878.2336
FDF34,2856.056
FDP03,3357.0327
FDD32,214.35674
FDZ10,2102.906
FDZ40,925.1087
FDD51,447.77673
NCY30,458.72687
FDP58,3165.63
FDV49,4268.5103
FDY24,161.58076
NCO55,1768.183
FDR13,2024.4435
FDS51,962.47266
FDP26,1598.9275
NCB54,3308.7217
FDF32,3207.4028
FDN31,2774.4807
DRM48,668.0457
FDN20,2790.3457
DRL01,4337.056
FDV56,1624.7998
DRH13,2601.617
FDA03,2425.7793
FDF47,4579.9395
FDX32,2476.1604
FDX57,1578.1512
NCA30,3027.2932
FDO49,710.8172
FDL04,269.04013
DRM48,604.1873
FDR16,4057.5166
NCC19,2724.1255
NCE42,2916.6194
FDY24,1184.531
FDH19,2790.9722
FDJ46,2832.926
FDN45,575.7159
FDY08,2315.084
FDZ37,1453.3828
NCT30,738.7766
DRY23,483.3677
NCZ30,1881.4315
FDC44,1614.1606
FDB45,1551.3391
FDY04,2616.153
FDM27,2638.704
FDZ43,4100.8994
FDT39,392.1317
NCC06,359.5588
FDL15,3664.9941
FDL57,4798.696
FDU08,1589.1486
FDK40,4209.36
FDQ12,606.30334
FDS48,2586.5762
FDP09,3780.786
FDW21,1652.9685
FDY25,3245.711
DRE13,1452.1896
FDV43,107.615326
FDD22,1728.7942
FDM46,293.07877
NCO30,568.5577
FDM25,2834.7578
NCN41,2075.4429
FDU24,1460.6665
FDZ50,3112.52
FDP45,3898.2393
NCM54,2055.4822
FDW10,380.98492
FDP20,2103.3262
FDK32,2431.4878
FDN52,1369.1357
FDM58,2052.8762
FDZ46,2986.2979
NCA18,1746.6252
FDD35,2063.5083
NCK31,801.15265
FDI40,2999.023
FDT50,166.63524
NCT06,2690.9377
FDT31,3024.1116
FDT45,901.29004
FDT13,3162.9102
FDO50,1418.8049
NCU18,343.32526
NCR54,3257.6265
NCO18,2373.7656
FDU09,894.59344
FDT13,2658.3682
FDE09,1820.1326
NCK53,311.71164
FDG45,3942.2722
DRH15,649.2292
FDO21,656.23926
FDD14,4600.7075
FDC09,1681.7042
FDH45,1040.6423
FDV32,1105.3156
FDG12,1892.5634
FDS32,2185.5042
NCL55,3224.7415
DRE01,3935.949
DRE15,1300.0414
NCL42,3737.7732
FDP31,952.1103
FDN33,1374.1627
FDZ59,2605.5461
FDE45,410.95932
FDJ07,1878.3961
FDQ45,2642.309
FDM33,4999.0923
FDO15,178.0832
FDM46,1446.6306
FDR03,3556.2
FDY49,2607.2024
FDQ60,1780.1868
FDW10,2731.1062
FDO51,729.4861
FDJ40,1386.0488
FDS20,2489.7273
FDU45,1984.9039
FDV02,2612.8677
FDN09,3968.8438
NCM55,5049.0913
FDN23,1981.0867
FDY31,321.22534
FDW03,269.943
FDD14,3046.8462
FDV23,2090.0024
DRI03,2550.7585
FDN13,1495.7778
FDF45,1833.2842
FDU46,1420.7314
FDB57,4134.978
FDV12,1786.7609
FDQ58,2350.4663
NCA18,1926.3799
FDH52,965.42804
FDM24,2174.3928
NCP43,4062.4666
NCO18,428.78644
FDM32,1379.0983
NCL07,664.3794
FDK03,4313.071
FDP59,1577.3597
FDQ24,3951.9456
FDQ16,1345.2899
FDU44,2690.3535
FDH28,105.631424
FDV28,116.29806
FDM22,886.67395
FDR56,3054.5544
FDV39,2996.4167
FDU37,277.03305
FDQ11,779.2344
FDX02,3877.1558
NCS42,1314.5841
FDY57,2744.704
FDB21,3854.1338
FDE28,3299.0645
FDQ55,2007.9208
FDA48,3689.8367
FDZ19,2671.1697
NCC43,3861.0322
NCV18,1394.2826
NCA42,2418.2239
FDY45,3938.165
NCC30,2823.0066
FDM57,1353.3474
FDL09,419.45175
FDB09,3655.6467
FDT44,1961.6309
NCT06,4185.081
FDX26,3400.6938
FDK32,2644.7695
DRA12,2185.315
FDO46,586.3961
FDE52,1322.3654
NCH42,3934.5933
FDV08,753.93243
FDB47,2939.737
FDC28,212.40819
FDD22,1907.4553
FDS07,3536.4785
DRI13,3556.726
FDG32,2960.4336
FDU14,4016.347
FDD28,153.90889
NCP41,1771.4691
FDS08,2757.3677
FDX47,2340.3372
FDC53,251.94644
FDQ19,3979.8923
FDL14,2333.0464
FDM33,639.6325
FDA51,1797.5343
FDZ27,664.3269
FDT04,642.5721
DRC13,2023.828
FDR16,5430.957
FDQ03,6491.6147
FDE38,2835.2834
DRH23,2035.7931
FDT11,644.1873
FDD09,3259.5886
FDR40,1435.6235
FDX07,3237.2544
FDR07,1490.5206
FDA51,1996.7959
FDT59,798.5585
FDF20,3195.2744
FDR13,1802.1459
FDY26,4417.8223
FDW04,2045.5212
FDK52,4356.954
FDN60,2633.9592
FDM09,476.1959
FDP46,1336.9089
FDB50,304.10193
NCQ29,3990.788
FDP16,7283.3438
FDX33,2304.648
FDP07,672.3489
FDN22,3990.5208
FDF39,3882.1711
FDS21,896.26105
NCM42,1709.2621
FDK50,443.6037
DRF13,3341.5947
FDH35,2555.929
FDP60,1294.1906
DRJ49,2778.8345
NCT42,410.12726
FDE38,2863.9905
FDI04,3137.1855
NCH54,2557.1855
FDT56,937.9642
DRD15,2983.428
FDV58,2680.977
FDP21,3325.1958
FDH05,3348.5522
FDR10,4324.4404
NCP06,2108.4915
FDF33,1734.8173
DRK37,3312.7905
DRH49,1366.0638
FDT58,2746.936
FDD41,1329.2572
FDP40,1567.8433
FDM51,2700.7063
FDO45,184.55122
FDW33,271.6208
FDY24,872.7555
FDB10,567.4531
FDM40,2221.786
NCI06,3152.8345
FDW12,353.0652
FDX48,3530.81
NCW05,2428.886
FDX27,1542.2605
DRM37,2903.752
FDA38,3457.457
FDR36,687.18445
FDZ45,3005.9473
FDG05,2599.972
FDK28,4709.3687
FDV47,1339.2275
FDN21,2643.638
FDP20,3785.668
FDI35,3870.656
DRY23,679.982
FDA56,2189.4807
FDB09,2072.0735
NCO26,3180.4158
FDQ49,2422.7615
FDI52,3077.2932
FDZ44,3315.8882
FDZ09,2436.2517
FDY03,1908.7969
NCG42,2221.6501
DRI13,5927.995
FDQ32,2140.7166
FDW16,1445.4257
FDU27,682.3277
FDR28,443.55887
FDQ49,393.7828
FDS37,1900.6779
FDW26,3018.9402
FDX12,3495.5002
NCP06,2414.5427
FDW45,315.2901
NCN30,1613.3418
FDN24,913.3933
NCL41,1052.9213
FDR02,301.99396
FDD09,481.78854
FDS33,150.08583
FDU22,1831.3156
FDI53,2591.3054
DRH01,2771.9617
FDX32,2290.0085
NCP30,373.49313
FDB60,2943.1475
FDB14,1396.933
NCP02,961.26337
FDJ10,2136.366
FDG34,1904.7999
NCB18,1343.1388
FDM16,1279.6952
FDW25,1150.9518
FDB35,233.87605
DRN11,2261.4956
FDF41,920.21075
FDH16,1298.3176
NCQ50,2954.267
DRH23,761.3162
DRJ37,2378.11
DRJ24,5199.3403
FDY16,3178.8132
FDQ27,1941.0568
FDZ33,2337.5745
FDF29,2339.3252
FDA08,2761.8577
FDG31,1085.1531
FDE34,566.75586
NCR30,1954.946
FDV33,4087.2888
DRZ24,1706.6477
NCL54,2941.5159
FDR12,2949.1543
NCC54,3911.161
DRN59,779.0412
FDX50,300.0809
FDV31,4168.237
NCA29,4910.726
FDW60,2745.1252
FDX08,3280.5688
DRD49,3415.3843
FDD33,3555.952
FDW35,693.99316
FDJ36,1747.8134
FDV51,2975.5742
FDW36,1654.6799
FDH35,2453.437
NCS30,3242.999
FDN49,666.91583
FDL08,2971.4844
FDI09,3584.0588
FDP19,1780.7137
FDU21,104.09695
NCP41,1608.9237
FDY10,1907.5409
FDP12,479.27554
NCN26,1955.1538
FDK44,2749.1807
FDC28,1604.4303
FDJ41,6207.2983
NCT29,2145.535
NCH42,611.4257
FDU60,2490.4275
FDS02,3024.9648
FDC51,2055.228
FDU03,3091.5923
FDX39,3600.6453
NCY05,107.546
NCL06,5856.6895
FDD32,1436.8547
NCN41,1982.5339
NCX53,2326.3694
FDU57,359.28275
FDQ23,1764.0349
FDQ52,4330.2754
FDC14,666.1756
FDY09,3183.0215
FDQ28,2454.4473
FDV25,4384.893
FDJ07,1924.3843
DRB25,1676.4102
FDK52,669.2343
FDY52,1257.107
FDB28,3025.8132
FDT36,580.15137
FDV25,4680.645
NCN07,3817.0354
FDC57,3181.43
FDQ03,3290.5078
FDU23,2970.5234
NCX41,3912.5232
NCD06,778.62555
FDW08,1587.3599
NCU29,2411.1685
NCE06,2559.1907
FDV52,224.37314
FDB02,3008.841
NCR18,644.1796
FDK16,1604.4526
NCQ29,749.3604
FDZ01,265.5523
FDW27,2372.3164
FDD17,3471.8389
FDW39,2803.0608
DRH59,1138.418
FDS52,1710.2772
FDU40,5768.24
NCF54,2833.9968
FDH46,1619.7363
NCP14,1744.8738
FDH50,3170.0251
DRF15,134.94304
FDV27,2373.767
NCJ06,2189.109
FDN02,2826.7583
FDQ51,770.8685
FDQ07,4028.0522
FDS45,2043.5515
NCJ06,2149.885
FDD36,2054.8076
FDY25,2989.6404
FDU52,2310.5427
DRK47,4502.6113
NCL30,2145.4307
FDN22,4139.6953
NCF30,3572.4692
FDK03,4311.42
FDT45,935.3102
NCC54,6166.262
FDP08,2714.6643
FDU44,2642.2222
DRG39,941.93677
FDU32,2036.3092
FDY27,2784.2449
NCP54,2141.1306
NCZ41,2035.4534
DRL49,2256.474
FDI05,1182.5463
FDY56,4260.19
DRC13,2020.4586
NCV29,3066.9294
FDR24,1405.6135
FDZ34,2756.8862
FDP37,2093.1755
FDX08,4435.5654
FDS57,2074.0918
NCG18,1737.3508
FDK25,2681.946
FDH53,1291.7804
DRI59,2928.8005
FDA52,2704.2012
FDT20,109.05651
FDE36,443.61646
FDI24,3079.5442
FDB28,2961.6382
FDV11,3100.1658
FDP01,2023.2311
FDD34,4125.945
FDJ50,1590.103
FDZ44,1863.8646
DRO59,1297.0961
DRB48,693.13153
FDR21,2612.0974
NCE42,831.7463
FDO23,1338.7761
NCE30,2904.5728
FDQ22,672.6952
FDY01,1839.1476
FDS08,2687.4739
FDG28,2750.1934
FDQ51,652.1778
FDB05,4356.737
FDO56,1883.5499
FDE02,1263.4366
FDN45,3453.6665
FDS09,750.78595
NCA54,2267.1406
FDP09,445.44928
FDC53,1495.8687
NCM55,3387.0386
FDL09,2431.2644
FDA11,275.32217
FDA50,1544.1964
FDC23,3910.3672
FDE22,2653.6475
FDD23,3495.261
NCA29,3285.7263
FDK38,2308.4426
DRC13,1989.1233
NCP43,2971.9546
FDX28,1569.9979
FDF08,1441.1512
FDZ33,2422.521
FDD10,2901.7874
FDO58,2698.153
FDI50,4239.538
FDO58,2654.5051
FDX08,3012.461
NCK17,116.51971
FDF39,4302.474
FDU45,270.49646
NCJ18,1773.9819
DRC27,356.72702
DRC25,1584.2296
FDU59,2443.9827
FDU28,3209.1355
NCP30,654.56537
FDB39,750.7071
FDE41,1344.4055
DRH11,164.81087
FDA58,3608.9421
FDU50,1797.5818
FDM34,2142.8162
FDM44,2501.9797
FDR39,2538.8376
FDM25,2654.644
FDQ49,2181.6475
DRH25,749.7911
FDM09,4100.931
FDL44,473.65152
NCR42,456.24896
DRL59,897.9206
FDX43,2659.8801
DRK47,674.4193
FDU48,1852.8176
FDY12,752.83716
NCN43,1796.2936
NCM55,2599.2402
FDQ21,3327.561
FDX13,4320.945
NCK30,5764.803
FDG20,2798.904
DRG27,703.75433
FDY14,4299.228
FDP59,1566.6086
FDU60,3218.2751
NCC18,416.60544
DRJ39,3644.5408
FDS07,1926.9862
FDM08,6372.1104
FDP51,2007.4163
FDU16,1298.982
FDH12,1690.531
DRE48,528.3413
NCL42,6949.554
FDR21,2833.1543
NCW29,2343.4077
FDO11,4522.272
NCM31,2149.9204
FDV35,342.25235
FDF58,926.7269
NCE43,3125.421
FDA02,2402.9119
DRL37,101.358696
FDR24,1268.1614
FDW59,1362.2728
FDS22,724.29553
FDW24,793.3968
FDU24,1559.0425
FDA21,5238.1865
FDH58,3030.0317
FDW36,1325.237
FDI45,5053.303
FDU01,3014.0286
FDF35,2533.6553
FDU43,556.6381
FDE24,334.92252
FDK50,2856.4822
FDG31,1069.6085
FDC60,1781.4513
FDL36,1438.7112
FDP21,3122.817
FDW16,1397.5933
FDX02,4181.6177
FDQ58,3728.069
FDT51,1863.4957
FDD59,1343.7728
NCM42,1547.7499
FDA57,444.23306
FDZ48,1871.7775
FDE46,2358.0203
NCZ30,424.00897
FDB56,3375.5269
FDA25,2695.847
FDD20,2254.4583
FDL25,1416.9598
NCO18,3293.8218
FDJ45,592.8363
FDR12,3078.0312
NCF19,97.26655
FDK25,2793.621
NCR17,1951.5045
FDC52,2235.0107
NCA54,3136.4253
FDR45,552.93134
NCM19,1967.2179
FDF39,4871.6294
FDX23,1589.3372
FDD58,2512.7817
FDX28,1706.596
NCD31,2804.0962
FDU57,2197.324
FDI27,767.5374
NCM42,1708.7715
FDD32,2159.2673
FDI34,3872.126
NCM29,2175.8486
FDG46,1640.9254
DRC01,159.70941
FDB15,5312.3013
NCA17,3713.694
FDF10,2433.219
FDR26,4247.2373
FDI02,1861.033
NCM54,313.783
FDF14,2352.9226
FDJ33,338.94308
FDM20,4099.528
FDC03,5721.0957
NCX05,1937.4662
NCM41,2465.2112
NCU29,455.56705
FDQ59,1392.7645
FDH46,237.33948
FDH09,714.83813
NCD06,733.8103
FDC15,2332.56
DRD37,966.3223
FDT28,3682.8672
FDR28,3779.5571
FDT38,1345.3112
FDV34,1750.7827
FDY52,1004.1377
FDB34,1333.5396
DRL23,1402.3461
DRB24,2348.8347
FDJ50,911.1186
FDQ49,2225.3044
FDP20,2083.5728
FDV19,4247.742
NCR54,2935.1765
FDO09,895.79333
FDS57,1795.4995
FDN10,1934.2034
FDV23,2060.8066
FDY28,3451.0989
DRG51,2566.808
FDD45,265.08057
NCL18,5143.865
NCM29,2328.5825
FDF17,5827.4385
FDE22,2738.172
FDQ22,653.98157
FDS01,2982.085
FDW35,903.5953
FDJ33,1955.4331
NCF54,2986.477
FDE09,1557.031
NCE06,2547.014
DRH49,1293.8369
FDY43,2758.3528
NCT05,4458.915
FDZ34,3749.822
FDL38,1413.6344
FDZ31,3182.8867
FDR14,925.0641
NCN54,1310.5597
NCC42,3615.969
FDK08,1570.4619
FDP59,1535.954
FDV22,2849.561
FDD33,3652.5898
DRE60,6178.8027
FDK52,3857.389
FDA02,2430.855
FDM56,1671.1943
FDE57,2279.0342
FDM32,1116.7242
NCQ30,3241.5413
FDQ27,2450.5217
FDT60,3185.023
FDU43,4108.6626
NCO55,1716.7573
FDG02,2936.7705
FDJ28,3083.1233
FDP40,1623.323
FDJ38,3026.363
NCC54,3828.8123
NCZ41,1986.518
FDK38,482.34717
FDU52,2341.878
FDC40,1198.8337
NCR30,1214.3488
NCN18,1870.97
FDB50,1370.0245
FDG04,3114.9688
FDR26,2941.997
NCT17,2782.975
FDX35,5307.752
FDS12,2065.0374
NCZ29,3546.1633
FDB38,546.999
FDP12,623.7388
FDP22,824.71857
FDS26,3902.2246
FDR52,3041.6882
DRJ13,2523.392
FDU48,3781.0896
FDE29,950.65643
NCT29,2115.723
DRK37,3295.7769
FDK55,1295.9419
FDR07,1430.8303
FDO21,5977.4536
FDK46,4488.0366
FDB12,1605.6376
FDT31,4640.093
FDJ33,1881.8318
FDC26,3188.4675
NCQ02,2910.4414
FDP08,582.9497
FDB11,4142.564
FDV55,2487.8823
FDW20,2019.7902
NCJ18,349.9605
FDC41,922.75977
FDE14,2777.834
FDG35,2977.5457
FDF45,949.86365
FDS19,2219.251
FDS58,487.46973
FDA26,4507.2305
FDM32,1293.7294
FDL45,2109.7969
FDZ55,2574.5454
FDY37,2410.9136
FDO46,2833.2903
FDQ60,1863.3856
FDA19,1745.0464
FDL15,2435.886
FDM10,2729.432
NCL05,695.9202
DRK49,99.687965
NCE18,6153.973
FDG40,630.26514
DRI59,3836.0466
FDK28,4433.453
NCD06,100.76149
FDO11,504.74695
FDK27,1959.2336
FDT43,1531.6112
FDD38,1378.2255
FDA16,4340.188
FDL14,3776.8545
NCM17,688.2378
FDD20,2068.6465
FDA40,1423.1771
FDL43,1311.6865
FDV15,1605.6376
FDE52,1407.7291
NCL17,424.5978
NCJ31,3496.2515
FDR60,1296.307
NCA18,1886.742
FDS21,1734.949
FDW09,1397.8467
FDL26,2694.0854
FDS47,1269.4376
FDC39,3566.8013
FDT51,1909.4839
FDK40,4227.402
NCG19,3099.0925
FDZ07,936.46967
FDF08,2373.4255
FDO04,866.55304
FDK41,1157.0781
FDP15,3855.7283
NCD43,1429.6396
NCP18,2551.147
FDZ51,1478.3679
DRH13,1730.7072
FDF38,642.6948
NCI43,779.3641
FDM38,2122.6362
FDS03,1072.1483
DRJ47,2901.33
FDT50,94.90092
FDV02,2841.7493
NCG18,1782.0623
FDW52,2673.0322
FDS40,636.7876
FDN31,3329.7415
FDA37,1929.8081
FDA15,3644.219
FDL39,2494.7344
FDJ53,1846.1185
FDX22,3750.3853
NCZ42,3720.607
FDD56,4399.0107
FDD40,3235.6992
FDS50,4131.8965
NCN14,3186.0193
FDT15,3158.5544
NCS18,2417.4058
NCO26,307.27173
FDF58,781.7404
NCB19,1435.8187
FDH26,2328.3318
DRB24,3779.6982
FDA49,1246.7799
FDB32,1270.7102
FDI36,3412.497
NCA17,374.9456
FDH22,2077.3926
NCM26,2202.8284
FDT15,5925.9385
FDB16,1137.598
NCP54,3412.8577
FDJ36,1690.531
FDO28,1706.6617
FDU09,881.0485
FDF29,2172.8062
FDY08,2249.5925
DRJ59,460.57138
FDT23,2272.083
FDU15,460.57138
FDT47,1748.3191
FDI53,774.9465
FDR59,3461.0818
FDD53,657.80194
FDY51,3633.8887
FDT04,655.5269
FDU51,2904.6323
FDG14,2545.1223
NCU06,4849.5977
DRG25,2962.7336
DRH49,1367.7186
FDN15,2417.6436
FDL43,940.6345
NCT18,3626.1448
NCB31,3606.317
FDK57,2008.1206
FDY04,454.33997
NCP54,2095.5652
FDF41,3600.9717
FDM01,1649.0698
FDW03,1663.0709
FDF28,1991.0361
FDY37,2466.9263
FDQ03,3952.5793
FDP51,3349.181
FDJ40,1941.7212
FDC32,1351.1803
DRI49,2184.3196
NCW54,948.3841
FDF09,667.42535
FDP45,2929.0044
DRJ23,2756.7576
FDS59,1939.6581
FDY08,2203.325
FDX16,2504.6094
FDY16,2688.118
FDK32,2585.8691
FDQ22,639.86816
NCC31,2423.724
FDG58,2521.736
DRF48,3048.6494
DRH36,1104.9188
NCR30,1250.2689
FDB03,494.30948
FDZ28,3673.9624
FDR35,3310.0068
DRD15,6093.153
FDJ33,314.58066
FDA56,315.08655
FDP56,769.7578
NCT30,760.60535
FDK15,1551.6246
FDH44,2253.6392
FDV01,2392.3367
DRG03,2591.6606
FDG50,2294.1636
FDR16,578.24457
FDZ60,1479.0643
DRG03,2211.6987
FDS56,3453.5737
FDU33,778.6152
DRD27,1538.704
FDW22,3651.1162
DRA24,2817.1472
FDF38,677.47833
FDX48,2481.4517
FDS58,2323.463
FDC32,1367.2012
NCQ29,3745.9517
DRK39,1138.474
NCS38,1941.477
DRO47,1862.8618
DRG27,1023.5335
FDC57,5832.7666
FDS55,2363.1357
NCJ06,1812.5355
FDO01,342.09763
NCM55,3010.3079
FDC52,2171.5627
FDQ15,986.993
NCT30,1346.4724
NCR42,931.13855
FDD28,885.3789
FDQ34,1693.9004
FDZ12,3162.9763
DRE13,262.6192
NCN07,338.5871
FDM28,3033.1255
FDI10,2974.4038
FDQ25,2660.7102
FDA38,424.56586
DRI13,3733.2563
FDY20,2582.147
NCZ53,3137.1094
NCM31,2287.5022
DRB01,3113.9675
DRF37,4242.643
NCF42,2874.0
FDF16,2085.1624
FDB41,686.92126
FDR34,4631.2764
FDR15,2337.9788
NCV42,291.26926
FDW51,3379.644
FDU36,1663.6198
FDX60,1328.3933
FDY03,1947.8699
FDW55,3840.4248
FDT01,609.485
FDG58,2351.4255
FDK21,4468.6274
NCS41,536.83374
FDS10,3055.324
NCT53,2492.4246
FDJ28,2734.4448
FDX44,1341.0721
FDT20,478.34622
FDO44,1620.8037
NCX17,3259.7515
FDY01,2071.6882
FDJ12,6276.205
DRK35,535.1276
FDD47,384.64206
NCM53,1673.6528
FDO45,1353.3474
NCM42,296.30545
FDE04,2859.2854
NCI30,5535.8164
FDZ19,2759.3132
FDW57,2852.0994
FDA25,1915.6039
FDT22,933.00354
FDP51,1941.8945
FDD48,3015.7996
FDY39,3518.1206
FDO48,746.15924
FDD23,5210.67
DRN35,999.56555
FDT01,3495.2268
FDC20,166.41086
DRJ35,992.66113
FDB32,1353.9609
FDL24,2800.243
NCV42,1956.9668
FDZ46,1698.4504
FDC15,2173.532
FDD08,107.615326
FDY50,1437.7192
FDD36,1939.78
FDG57,1510.9366
FDL21,458.44415
FDN16,2596.2214
FDJ09,1004.8013
FDS01,484.15637
FDV33,4264.4976
DRE12,2042.9015
FDR07,1430.8303
FDP48,737.0987
NCB55,908.5554
FDQ08,959.4731
FDR34,4638.492
FDO33,1848.1268
FDP13,698.9378
FDX12,3964.5452
NCT06,3016.1338
FDR16,866.6018
FDE36,2681.6897
FDZ36,3581.0388
FDV13,1365.7788
NCZ17,665.5323
FDU56,3007.4548
FDM09,2903.952
FDV02,3237.6594
FDS34,1591.7327
FDA11,1622.5377
FDP09,4812.565
FDB29,2954.5461
FDT19,3092.7363
DRH15,713.0876
FDY38,3361.119
FDF14,3792.8462
FDN48,233.87605
FDQ12,3884.2285
NCJ43,2760.0623
FDE17,341.092
FDB05,4247.802
FDH10,1659.4197
NCR06,688.3611
FDU32,1783.616
FDD56,2951.0713
FDO36,2239.1685
FDH16,195.01547
FDX10,510.5182
FDZ37,1447.7002
FDU31,326.94717
DRC49,2034.409
FDL15,2479.233
FDN32,577.0619
DRH59,1984.2983
NCU29,2469.0562
FDR37,652.0095
FDS14,2154.4604
FDU02,6284.424
FDJ08,3065.274
NCZ06,3287.165
FDO31,1406.4506
FDH31,1361.183
FDS58,2717.4897
NCA53,1354.7166
FDF50,3240.594
NCW42,3860.553
NCQ17,2354.4807
FDK51,3978.3179
NCW41,572.8773
NCR29,948.3841
FDB08,396.27325
FDA40,2278.5156
FDL14,2358.318
FDB47,3722.5366
FDO03,4208.901
DRK13,462.35614
FDX13,790.1869
FDF52,3117.1194
FDT11,3023.1924
FDB08,2588.4167
FDQ28,2540.8203
FDD29,3969.863
NCQ29,5851.153
NCO02,1064.2289
FDR56,529.9279
NCM54,2259.0344
FDP51,1979.9086
FDT38,1289.2313
FDZ20,3410.0256
FDJ53,1978.6218
FDX13,4550.935
FDP58,3779.2046
NCK31,158.33672
FDA35,1775.8173
FDV37,2886.631
NCO07,4920.5127
FDA20,2953.3835
FDZ59,2846.939
NCY17,761.83954
FDQ28,2479.416
FDV35,2359.585
FDQ36,623.42
FDD34,2464.6365
FDK51,3696.919
FDV31,2673.2112
FDR04,1624.2303
FDR14,894.8477
DRC36,469.9276
FDE39,340.11472
FDP57,1609.3689
FDE57,2150.9658
NCN18,1813.6876
NCQ05,2184.425
FDW47,1910.5189
FDV46,2348.3997
NCP29,939.0718
FDE09,1445.7828
NCU06,5874.0054
FDT19,524.1004
DRF15,2540.8552
DRI51,2508.5393
NCX54,1712.485
DRE01,3646.3909
NCB07,2942.4407
FDU50,1898.2506
FDG40,634.4336
FDW10,2685.545
FDX51,3083.1233
NCP17,1140.9915
FDP21,3248.9026
FDL04,1722.8768
FDV23,2098.3328
FDF24,1320.5956
FDH56,3231.0874
FDB51,878.4109
FDI58,2424.0027
FDR20,737.06604
FDC51,1724.053
FDB16,2142.1584
FDE40,913.9065
NCM17,753.6211
FDU56,3275.113
FDS32,358.56262
FDX02,4027.664
FDT39,3830.31
FDE35,926.4522
NCI42,721.2768
DRL23,1581.6028
FDA10,1887.0243
FDA11,1619.1683
NCM06,2403.163
NCT05,4259.176
NCQ02,542.4959
NCY06,2209.5027
FDY56,4218.5103
FDL02,1803.1578
NCI06,2947.907
FDQ14,2206.72
FDQ12,4187.152
FDP36,760.60535
FDK21,6496.2886
FDO40,2523.2744
NCK54,307.48456
FDY09,2409.739
NCW30,3729.3481
NCC55,772.7415
FDE58,1579.046
FDR39,3073.4707
FDU28,3084.0713
FDH08,4582.183
FDG35,3046.872
FDG22,622.10394
FDC34,2743.0298
FDP15,3364.0054
FDK34,577.205
FDU45,2044.9071
FDQ04,954.2566
FDX22,2954.8643
FDB45,1544.5294
NCH43,4585.1255
DRE60,3472.93
FDD17,6408.821
NCM54,2187.2126
NCH55,2109.4377
NCT06,2803.7947
FDA48,6109.312
FDY58,7022.687
FDO25,3471.542
FDN50,1589.422
FDH35,3117.301
FDK09,3892.5918
FDO16,1582.3169
FDW11,1088.1085
FDU47,3423.9504
NCQ42,243.62505
FDK55,2621.3271
FDN08,1856.8362
FDT57,3916.1902
FDJ12,2879.9617
DRL59,841.3978
NCN53,660.202
FDO51,127.56948
FDK56,3076.4568
FDY12,898.3706
FDU15,677.8496
FDQ19,3779.9646
DRF15,2137.545
DRE25,271.73773
FDK57,1802.6029
FDD33,426.4133
FDR34,6471.526
FDU04,1886.3843
FDE35,199.50331
NCD31,2959.1152
FDJ56,1537.8656
NCU53,2497.3599
FDD39,4006.6033
NCU17,311.71164
FDJ20,1829.0908
NCW41,2318.0159
FDL52,743.5564
FDS39,2290.8044
DRJ47,2715.6472
FDP13,138.1729
DRK39,179.34283
FDF28,251.58893
FDB09,1943.9985
FDM51,1403.138
DRM49,744.30865
DRF23,2507.3198
DRH01,2841.3904
FDH12,2615.1152
FDA28,290.8546
FDW37,1208.4885
FDF02,1694.9133
DRL37,698.789
NCF43,2154.328
FDH08,745.3185
FDR34,782.5357
NCK19,3290.6853
NCD55,455.27573
FDT27,3836.7764
FDQ57,2283.4753
FDA47,2692.5173
DRG15,1691.612
FDE05,1861.174
FDN46,1682.9558
FDX27,2567.883
FDT51,1766.2219
FDU33,697.4553
FDJ16,1794.718
FDD20,360.59583
FDT36,627.25836
DRF15,3695.7136
FDN52,208.8444
FDC22,5836.5615
FDX15,2594.0168
FDT13,3293.0227
FDU04,2057.7646
FDU31,381.2347
FDW59,2052.7698
NCO29,2584.9065
FDL15,2567.1882
FDI41,2444.072
FDQ48,1662.5355
DRI39,855.0909
FDI08,4321.064
FDC21,2000.6506
FDF58,1023.5324
FDS08,289.5042
FDE47,1942.85
NCP18,386.1446
NCR41,1578.4541
FDA27,3664.9763
FDA43,3104.0166
FDA49,1446.1656
NCE55,2532.0796
DRM49,916.72217
FDF22,4985.0005
FDQ15,1117.8988
NCS54,3230.355
NCY05,618.77246
FDR45,3905.3425
FDK57,2044.1764
FDF41,703.4897
FDV21,2127.4639
FDD51,744.54974
FDF33,2096.9216
FDA38,3787.572
FDR56,2966.6743
NCN41,2129.437
FDC60,2672.2966
FDB47,3451.2834
DRH01,2706.253
FDW08,1672.2533
FDF38,1004.8586
FDY32,2602.77
FDG34,1722.0116
FDG47,598.3055
NCF18,3040.05
FDL39,232.09674
NCH55,2233.967
DRJ35,923.2006
FDS44,3782.372
DRE01,3835.028
FDY39,3332.6633
FDY32,2486.4858
FDR33,3207.602
NCP50,1296.2977
FDZ47,1295.9877
FDU57,2409.1736
FDY44,3146.2366
DRH59,940.6345
FDB03,6295.8726
FDY46,2997.2305
FDM39,2763.4832
FDY36,1309.2181
NCM55,3322.7847
FDJ50,145.35405
DRL60,2316.8638
NCJ54,3868.9976
FDX59,654.6372
FDI07,2973.4941
DRF51,99.81766
FDM14,1769.0326
FDP21,3020.2712
FDE40,1136.5222
FDE05,2484.396
FDM13,3068.4487
FDC34,3769.6667
NCI55,1877.3258
NCE43,2474.4065
FDW58,1343.7716
FDG60,3076.6245
FDV31,2754.4683
FDR47,2983.269
FDM60,108.54463
NCF06,3113.0527
NCN26,2359.3184
FDQ59,1375.2168
FDF09,645.1011
NCS06,3934.3335
FDT44,1919.1885
FDI19,4186.503
FDT22,944.6563
NCF54,4510.5205
DRG25,2874.0562
FDB59,2969.488
FDQ37,3468.8425
FDP56,792.7443
FDW44,2783.0159
FDJ26,589.31067
FDU43,3347.8132
FDW33,1605.6376
NCX53,3528.8354
FDN56,424.9293
DRF15,2497.8904
FDO33,2019.5465
FDZ39,236.46405
NCJ19,936.23047
FDU01,3678.688
FDT12,4322.9507
NCM18,791.5746
FDP19,2164.8796
NCR42,673.2401
FDN10,1930.834
FDG44,957.9742
FDQ10,2826.1575
DRH13,1690.2894
FDT52,3621.9712
FDM56,1783.4911
NCO43,363.8466
NCV29,3097.9392
NCF06,4070.4858
FDO50,1502.7838
FDT59,4336.065
FDX40,992.7462
FDE50,3556.011
FDX51,3132.6782
NCD30,1317.477
FDK15,1578.5847
FDL12,906.081
FDK46,4677.7534
DRH49,184.53899
FDQ57,2321.5874
FDY59,1482.4722
FDO09,3661.0508
NCG30,2050.2866
FDM09,2828.6614
NCN17,2544.9377
NCS42,1438.7112
FDD02,322.3778
FDE34,3136.886
FDU38,2948.4114
FDB33,2506.5994
NCJ29,1387.2085
FDZ27,771.43774
FDI40,1450.2614
FDG22,613.61804
FDT51,1941.1477
FDF20,2935.6785
FDV50,2027.9016
FDT02,627.6934
DRC49,2247.808
FDF26,2452.3892
FDV52,1839.7922
FDX59,645.7583
FDV25,4496.013
FDW23,977.1445
FDE53,1372.6841
FDA19,2013.3284
FDH22,2023.4045
NCO41,1560.9551
FDX12,4279.1323
FDF17,3284.8123
FDS11,4205.976
FDR51,2578.579
FDT49,267.9324
FDC56,2093.1406
FDR13,3029.7646
FDQ60,1941.7164
FDN38,4007.0017
NCL29,2523.4026
FDO13,4158.2964
FDE26,1919.9789
FDA31,426.88745
FDX14,1295.4105
FDA34,3659.3862
FDF26,2489.1206
FDE38,2621.4329
DRI11,1931.3165
FDQ60,3219.182
FDL21,921.4759
DRC12,6333.244
FDC47,3878.7612
FDE57,2016.7179
FDT14,1890.1177
NCZ53,3041.6882
FDE28,3761.1516
FDR19,2337.2563
NCF54,428.628
FDZ08,1339.4741
NCJ05,2351.8452
FDF59,1964.8892
NCO05,1724.0939
FDW24,721.35223
NCX42,2501.7263
NCA53,799.21356
FDI45,409.40448
FDG46,1911.2627
FDM20,508.60742
FDW11,153.34744
FDX08,3228.7786
NCK17,714.5867
FDK32,2159.0938
NCA42,2701.3293
DRI01,2975.6462
NCL55,4219.6216
DRE25,1316.2561
FDD14,3119.5479
FDB10,4091.5874
DRN11,2466.54
FDP38,692.214
NCA30,2987.5676
FDT15,3387.516
NCP55,763.3065
FDF12,2365.2544
FDM21,3654.214
FDX56,4163.692
FDF10,2431.1667
FDT32,3067.8547
FDM51,1361.183
NCR50,2475.3733
FDI19,4102.627
FDX21,1754.1705
FDR31,2455.8928
FDY02,4077.3298
NCA29,3107.8867
NCX17,2765.81
FDM12,2998.392
FDI53,3657.1917
NCU30,2913.0933
FDC56,3679.8967
FDK27,1782.0632
NCK18,2953.02
FDB52,708.73444
DRG25,6303.1064
FDZ13,846.166
FDB57,684.1705
FDR40,1355.3424
NCO14,116.49692
NCN19,2920.0757
FDQ28,301.0761
FDO13,2731.9695
FDK48,1382.6118
FDU07,2127.8052
FDW20,2061.9917
FDV12,216.35023
FDH24,2568.9976
FDV59,3682.112
FDK57,1908.3037
FDL16,1120.7527
NCQ17,2439.4275
FDJ15,2468.523
FDX24,1444.5149
FDT47,1721.4558
FDT10,926.7902
FDZ37,1193.3102
FDW43,6576.8403
DRN36,1671.4106
FDJ14,1307.4142
FDA32,3185.3115
FDJ38,694.834
FDQ57,2405.828
NCQ41,729.8983
FDG56,935.44366
DRC13,3170.1306
FDV55,2549.3545
FDQ49,2685.9795
FDE29,173.62025
FDR03,4149.518
FDD45,1503.4207
FDN38,691.44135
FDT56,885.96454
FDT48,3348.512
FDU03,3005.9968
FDC56,309.35388
NCO43,2559.8782
FDQ27,2004.754
FDR03,3903.0608
DRH23,175.5618
FDG22,647.0562
NCJ42,1557.8478
FDR24,1402.2441
FDW60,2795.4595
FDJ08,3077.3914
DRL59,705.8779
FDG60,611.1515
FDW27,2369.1663
FDX14,1143.9921
FDC20,872.1997
NCS29,2546.0173
FDJ56,1510.2942
FDB20,271.45102
FDL28,6100.292
FDW01,2142.0356
FDL03,2810.9163
FDX22,4148.396
FDJ21,2670.0872
FDR31,2275.2615
FDG21,3193.148
FDS22,969.9521
FDK08,1564.107
FDE17,2158.3904
NCN30,1658.0531
FDT50,1432.1434
NCX42,3280.2488
FDJ12,3730.6567
NCA18,2864.503
FDP23,389.04434
FDX12,4047.7668
FDN40,2073.8113
FDV48,1413.0364
NCY54,2775.281
FDL16,109.959915
FDR45,3163.2263
FDJ52,2454.238
DRG01,1358.885
FDP52,4666.6035
FDU58,3128.9275
FDL02,1896.6078
FDG28,3901.55
FDA19,2047.5552
FDW46,1942.0278
NCD43,1736.3405
DRG39,771.8908
NCF55,670.62317
FDJ07,1878.3961
FDE08,2388.7632
FDP56,135.11926
FDT45,837.39996
FDF17,2888.9285
FDX44,1369.7891
FDM28,4933.703
FDI36,3074.0723
FDS07,1812.2504
FDD36,1897.4536
FDW11,951.5035
FDN40,2379.1387
NCQ18,1519.8065
NCQ54,3076.1492
NCS42,1409.9943
DRH39,203.63428
FDC09,2494.161
FDT08,381.43298
FDC08,4282.0146
FDT20,668.4164
FDS35,1086.7064
FDX58,2461.9092
FDW58,1586.2357
DRD27,1493.6436
FDH32,198.9551
FDS26,3916.519
FDQ31,1422.6785
FDP11,2956.8464
FDD58,1669.2751
FDM33,3494.9385
FDZ16,3389.441
NCS29,1142.3293
NCM18,199.50331
FDP11,3898.8481
NCC42,2294.7583
DRM23,2683.5796
NCN55,6023.413
FDK46,4254.131
FDR01,3131.8
NCA05,2073.9595
NCP43,2969.9817
FDR12,392.47702
FDQ01,3496.9421
FDM13,2122.3196
FDQ19,4191.636
FDK56,503.15466
NCX06,700.7088
FDO56,3032.4197
FDU45,1877.9657
FDI16,182.65186
FDL32,1919.1885
FDA07,2037.4856
FDA14,2300.3281
FDV46,3655.9656
NCO07,3727.8674
NCP41,1689.3888
FDY60,1942.1366
FDN38,3778.0813
FDO15,1211.4331
FDT60,2073.1814
FDA55,4258.7764
FDE02,262.04953
DRJ39,3774.8953
FDV34,1309.2181
FDS20,5867.2246
FDF02,2940.2708
FDW40,2236.1372
NCB43,3019.3652
FDR58,1505.2214
DRJ59,709.3432
NCD30,1614.4172
FDE14,1611.762
FDC28,1280.1124
FDU16,1090.2101
NCD19,953.7395
FDU21,642.5458
FDV59,4862.5737
FDU03,3506.8032
FDC33,542.22375
NCR42,657.964
DRH59,1297.0961
NCM31,2224.0967
FDS50,4525.227
FDP39,903.075
FDQ55,1997.484
FDV36,390.53625
FDI05,2315.3806
FDS45,2633.3394
FDA39,656.1859
FDC37,215.76953
FDJ60,4348.3374
DRQ35,2091.852
NCJ06,1747.9596
NCY42,1984.0123
DRM37,3202.633
FDR14,829.3497
FDE51,692.3081
FDT33,2802.4495
FDR08,1853.6256
FDE36,379.31473
FDL22,275.32217
FDR44,1852.8644
FDI56,274.39285
FDE47,235.39781
FDV27,235.4424
FDV10,723.46344
FDC40,1289.467
NCX41,3901.364
NCQ38,2227.6143
FDV12,2851.7488
FDE52,1372.579
FDG20,4488.123
FDV16,975.8303
FDI32,1981.8889
FDJ32,984.08545
FDN39,2490.4275
FDY34,2946.9106
FDC14,728.55164
FDA55,4222.48
FDZ50,780.4266
DRG13,2717.4082
FDP01,2068.2617
NCG54,3140.8757
FDM13,1986.9454
NCO18,4495.985
NCW41,2507.9204
FDM52,3730.4277
NCF55,687.2954
FDT09,2273.4456
NCM19,1908.0948
FDW12,2035.6061
FDP15,714.84247
FDK36,742.158
FDZ25,3184.6836
NCW06,3267.4897
FDW60,2578.1848
DRC49,2280.8804
NCT17,3121.5774
NCN06,2514.9211
FDC45,2923.92
DRJ47,493.28537
NCF06,3815.0925
FDE21,314.93674
DRG27,662.1644
FDW40,2238.202
NCO53,3321.6514
FDE23,691.173
FDQ16,1621.1283
FDS26,2604.475
FDZ13,129.54462
FDS14,2357.1875
FDC10,1858.7401
FDY16,3069.119
FDJ20,1891.7897
FDV43,703.7591
FDZ32,2455.9373
FDR23,2659.6145
FDN24,847.62946
FDE34,5838.4033
FDU31,3129.749
FDW33,1369.5825
FDU26,1901.3075
FDE20,4546.595
NCW05,1687.7249
FDB22,2248.9143
FDO56,1880.1805
FDA19,3503.4685
DRI39,884.9884
FDH52,798.6803
FDZ50,3174.8484
NCN42,2636.1697
FDB53,2524.4646
DRG11,1822.209
DRK11,3787.1694
FDQ60,2069.0623
FDT36,615.7675
DRG25,2481.6167
DRJ23,2941.235
FDG05,2540.2163
NCK06,2044.0558
FDU52,2397.1414
FDW07,1141.7335
NCM17,664.17426
FDA22,3465.9487
NCA41,3160.3042
FDF38,705.07086
FDH52,940.40576
FDY58,433.80795
FDZ16,3361.5234
NCM18,962.47266
FDA22,2492.7317
NCJ43,2975.4053
FDI34,6227.2393
FDG56,932.0742
FDS34,1809.2694
DRC01,826.3931
FDQ04,686.1353
FDK04,901.43256
FDT51,2020.418
FDV26,3291.571
FDS04,2203.556
FDW43,3385.9194
FDQ28,354.0849
NCK06,2071.4338
FDS23,1870.439
FDZ36,551.9385
FDE56,791.9354
FDW10,5050.3604
NCN14,3035.9172
NCQ18,1528.4797
FDW08,1837.7595
FDU43,4205.8765
FDR33,291.74597
FDM24,410.5066
NCZ05,1654.6799
NCV41,2029.1145
FDV11,2617.8052
NCY05,665.5323
FDV44,2800.1313
FDW32,1263.985
NCU18,3580.0232
NCC43,4346.525
FDW19,1843.7284
FDN31,3104.0166
FDI48,765.87476
FDS24,1290.0511
FDF46,1907.1093
DRG23,2284.9482
FDG14,2180.35
NCY30,3224.3755
FDO28,1866.151
DRD24,2343.0396
FDI33,1432.4978
FDN32,2894.8955
FDR16,4068.5981
FDF26,2333.8386
NCN29,668.05963
FDE20,2885.2896
FDA46,3001.9558
FDU28,3067.8547
FDQ48,1536.4352
FDV36,2199.108
FDR14,743.483
FDP23,3700.8467
FDP56,750.4632
FDK48,194.12904
FDR48,2438.723
NCY29,918.7604
FDM22,725.2097
DRJ01,2758.6753
FDZ43,3853.6309
FDV03,2452.5508
FDX11,6160.8823
NCA41,5209.6084
FDE38,2809.5344
FDI27,717.3265
FDN32,3054.6804
NCN43,2261.0264
FDB47,6056.1274
FDV03,2533.1042
NCN30,1497.632
NCV54,260.47784
FDV07,1557.031
FDP07,2923.2397
FDK48,912.8508
FDM15,364.6662
FDY19,3032.4197
FDK46,4296.4917
FDY11,1069.1831
FDH09,842.5534
FDO08,4251.008
FDU14,3984.6975
FDD22,3372.7358
FDM27,2545.573
FDL02,2940.2708
NCA17,2560.8794
FDE38,448.8728
NCG07,3342.565
DRC27,3677.8508
FDA27,3864.4258
FDW40,2163.08
DRI11,1931.3165
FDN50,1615.6312
FDR12,2826.1575
FDT34,2838.8862
FDW11,1006.7656
NCO30,5835.654
FDZ34,3871.0852
FDU45,2066.9841
NCD42,657.7292
FDX25,2501.748
NCR29,923.3104
FDX43,561.96277
FDB04,199.84114
FDR49,1501.5289
FDS39,1887.0591
FDW58,1251.3501
FDG22,108.54463
FDG31,981.22205
NCV53,5856.7812
DRJ37,2379.0813
FDV07,1841.9877
FDW52,2347.7607
FDT15,3017.2073
FDD02,1734.9172
FDM16,1312.0721
NCE55,2603.4688
FDB57,3084.8682
FDQ04,666.4042
FDQ47,122.164955
FDY14,1280.5704
DRK37,3787.3984
FDO25,3519.5217
FDL57,4621.973
NCK29,1911.3118
FDK46,6178.8467
NCB43,529.5417
DRE01,6007.267
FDC46,2572.504
FDQ23,1679.6321
FDX38,755.522
FDG60,3382.0012
FDW55,3980.9983
FDP39,720.8494
FDB20,1177.5146
FDV21,2167.947
FDZ02,1536.1215
FDP19,3672.2966
FDA38,3806.7595
FDH22,1872.3014
DRM11,3768.3584
FDO12,4699.675
FDT14,1982.0712
FDW34,552.93134
FDG04,4752.217
FDW59,1175.889
FDR33,1391.8287
FDP32,2075.786
FDL13,6150.441
FDD22,1907.4553
FDV40,1352.3563
NCD55,663.50024
FDQ20,145.6832
FDD28,829.34357
FDC39,3459.6233
NCR17,1954.8739
DRO35,1708.6758
FDF40,3791.2466
FDR31,1970.6405
NCQ41,3467.3838
FDP38,756.333
NCU54,6187.137
FDG22,458.85782
DRK59,3570.297
FDC37,1699.9819
NCO42,2382.8076
NCT42,2372.6047
FDX27,1645.7474
FDV40,913.2692
FDT45,1847.7301
FDS47,257.80627
FDR45,4153.857
FDB03,3628.1238
FDO49,900.6869
FDU60,4379.1646
FDB26,719.2788
FDB46,3483.8655
FDQ37,611.75073
FDN03,4102.8486
NCX30,4595.523
FDK32,386.7816
DRM47,3083.1233
NCO02,1207.0109
FDP04,1059.0387
NCO43,1932.5172
FDD59,1340.4034
FDQ10,2983.2314
FDW45,2589.2102
NCK30,4375.767
FDU31,2658.8848
NCQ17,309.14496
FDN01,2936.302
FDZ19,2895.2595
DRG37,2495.2886
FDE32,561.2583
FDO34,2952.6865
FDM04,234.55623
FDZ25,3091.5767
FDU08,1628.4348
NCW30,3535.4707
NCM18,890.74164
FDS22,711.8513
NCH18,4381.9795
FDC23,3100.1343
FDY46,2960.6724
NCU06,4480.2905
FDX57,1513.072
FDX36,6383.4365
FDL16,728.3781
FDT16,828.1942
FDN16,1334.7753
FDC03,3089.171
DRF60,4101.348
FDS27,5269.8745
FDP33,858.7218
FDJ36,1377.2533
NCR42,579.99115
FDV14,1293.9937
NCP42,3298.9592
FDB50,2442.938
NCC30,4317.8394
FDA23,1391.5365
FDW16,1444.9781
FDQ52,709.3256
FDB58,2423.4827
NCP29,1101.6948
NCM05,4408.8706
FDO25,3298.86
NCM54,2138.2651
NCL54,2890.3132
FDL39,349.97507
FDF53,2393.2285
NCQ42,2128.5247
FDF58,941.25555
FDZ04,1137.0785
FDE26,318.43823
FDS60,2956.1624
FDV58,2964.3152
FDM04,810.8629
FDE08,2495.801
NCB43,3262.3892
FDU11,345.66757
FDF22,473.93237
FDE24,2269.5898
DRJ49,2134.0852
NCQ53,4717.3716
NCL41,590.5303
FDR22,1851.4219
FDH04,1523.0485
DRH15,688.12415
FDY40,832.5151
NCI17,1623.0823
NCC18,2931.7107
FDY28,5713.22
FDB45,2326.6763
NCL30,1862.3864
FDM10,3675.0378
FDH22,3052.5854
NCZ53,3205.1377
NCI18,3843.6125
FDH14,3637.8281
FDR36,1041.5717
FDW01,2532.2861
FDK02,3271.3862
FDJ02,2046.3331
FDU55,4456.5312
NCV18,2343.286
FDH14,1860.1208
FDZ37,1419.8359
FDX49,3423.0815
NCD43,1698.9716
FDZ07,889.8123
FDK43,2239.9368
FDR32,3195.9287
FDT39,2319.6611
NCV54,2126.9478
FDF38,456.29907
FDV60,2898.9473
FDH44,4268.017
FDS21,866.7591
NCL41,592.47485
FDM46,1676.9305
FDU27,888.3161
NCJ54,4659.3257
DRG51,2320.578
NCA29,367.00342
FDR47,2932.1418
NCL19,3528.8354
DRG01,1216.6516
FDG10,896.8829
NCV05,2521.376
NCH18,544.95325
FDV14,1125.0923
DRJ23,3158.0193
DRJ11,3041.6882
FDZ03,3329.9094
FDI27,116.9566
FDJ14,1166.2522
FDU32,2085.8745
FDD47,4274.759
DRF36,3371.305
FDM21,3889.6824
FDV10,526.0733
FDH60,2694.3936
FDX47,378.1309
FDT19,402.7882
FDO11,4447.4307
FDH24,3747.8115
FDL02,1350.7887
FDB02,2983.9187
FDA43,3031.825
FDG52,707.49744
DRC12,3013.5625
FDY37,1999.3027
NCU18,2184.9194
FDU09,995.83923
DRJ25,1069.3729
DRE12,1364.762
DRL47,2206.3425
DRK01,1571.5452
FDC22,519.0931
FDG44,890.7613
FDW04,2220.3418
FDK09,3965.568
NCN43,2286.913
FDG04,3129.0344
FDH32,257.27255
DRI47,2611.4302
DRE15,1198.1027
FDY11,1340.4142
FDO60,708.3189
FDQ20,528.95483
FDO57,3477.4712
FDT14,311.81177
FDA57,659.6938
DRN35,708.43005
FDJ03,744.7126
FDX28,1747.7131
DRE25,1392.504
FDR09,3618.4353
FDB23,3997.7832
FDO08,2595.87
FDQ23,1767.8949
FDW04,2215.9116
DRK13,533.1514
NCL17,3460.443
FDY21,3451.9614
FDJ38,4767.168
FDA37,340.44043
FDV43,658.67
FDL36,1438.7112
FDD53,650.063
FDZ19,420.15875
FDV21,1972.2651
NCL54,2812.851
DRI47,3529.8894
DRG03,2407.243
FDG21,3209.3008
FDW03,1587.5442
NCI55,2133.5745
DRC36,455.0075
FDH22,2037.37
FDV20,2222.5952
NCU41,5423.1987
FDN46,2729.3474
FDK50,2613.9246
NCA05,3850.4143
DRH01,2617.0847
FDT08,2186.0862
FDM08,3268.1973
FDZ07,987.33636
FDS22,772.31824
FDV35,3918.4202
FDI28,201.29114
FDW58,2412.0537
FDT52,3878.0933
FDY34,2626.2888
FDR10,2691.6768
FDK57,2093.742
FDR02,2404.1562
FDX49,4136.403
FDQ20,714.7769
DRK23,4491.6675
NCW06,3024.4658
FDR31,2372.4053
NCE43,2886.0022
DRO59,2220.1804
FDN09,4131.9766
FDR11,2593.248
FDO57,2509.845
NCX18,3316.5315
FDB05,2940.6865
FDQ08,669.88416
NCG43,1604.2574
FDJ56,1668.5359
FDA13,111.618095
FDO56,1957.8325
FDB37,3733.8826
FDZ02,1271.5416
FDQ24,4386.319
FDM16,1276.3258
FDU35,1647.1884
FDT35,2770.134
NCX30,4539.347
FDG04,3335.512
FDI12,1425.9803
FDE35,1038.9293
NCP14,2612.0645
NCY53,1820.6637
FDP49,854.0371
FDQ04,712.01105
FDM39,3098.9941
FDO58,406.47037
FDC56,1965.0083
NCQ54,2909.195
FDV10,999.56555
NCK17,674.03937
NCF55,821.19836
FDV33,4178.237
NCH29,335.08356
FDA37,3336.269
FDH46,1369.8969
FDS25,1770.0939
FDH04,2251.588
FDX52,3041.6882
NCD42,639.0155
FDW47,2201.0264
FDL25,2966.5974
NCJ06,268.5814
FDY09,2906.5793
FDS40,635.60266
FDH41,3710.675
FDG38,1421.708
FDU03,4748.27
FDV20,2072.9678
DRB13,2872.9702
NCQ30,2068.8206
NCH06,4061.1174
FDU50,1674.4741
NCO42,385.93414
FDW09,1162.0302
FDH04,1487.7926
FDC21,1601.2391
FDL21,675.09796
FDM46,241.70163
FDT22,192.87376
FDB28,3075.7483
FDI12,1183.4685
FDA28,1979.7844
FDF59,2010.4552
FDM45,3086.0598
FDQ56,1435.4369
FDR46,2450.9194
FDT01,3206.5203
FDD16,1624.1212
NCU30,398.86285
FDM40,398.01013
FDI56,1565.2887
NCS30,1938.4779
FDU08,1702.7174
FDX51,5597.364
FDA43,2880.5513
FDX59,97.48398
FDC37,1356.7546
FDP58,3093.2476
NCY42,2302.548
FDF21,2748.7874
FDU10,1025.0133
DRL47,1775.6119
FDA58,3270.6047
FDJ22,3045.3845
FDK50,2554.5613
FDO38,1366.5837
DRF60,4013.1147
NCZ42,649.07654
FDD35,1941.9841
FDL25,1406.2661
FDJ16,946.0085
DRK59,4022.2188
FDI50,4473.636
NCB19,1407.1018
DRI37,897.73035
FDA14,3472.8074
FDC08,3402.0107
FDS45,2170.6895
FDI21,1272.2751
DRJ47,2812.5137
DRE37,4880.8965
FDT55,2378.9102
NCG42,3286.8625
FDA31,2931.7173
NCW42,3414.6494
FDF50,3189.729
FDK56,3269.1802
FDX10,625.0823
NCK07,3944.875
FDZ49,3470.0266
FDR33,1726.5616
FDO44,1511.2634
FDA20,3243.2595
NCL30,1998.528
FDI05,227.07138
FDQ12,3403.4097
FDH47,1710.5344
FDH34,2540.9763
FDF29,2256.7004
FDG40,461.30054
NCE18,4406.792
FDP21,575.4106
FDY50,1428.2362
FDB36,1885.9453
NCZ29,2084.03
FDU20,1650.6731
FDO56,1880.1805
FDW31,3025.9187
DRH59,1241.8341
NCB30,3152.2947
FDK43,3410.4136
FDW43,4224.0435
NCL19,2364.2373
FDJ27,1437.0189
FDC45,2679.826
FDY40,747.30084
NCM41,1506.3795
NCK18,579.6538
FDP37,2081.7385
FDA27,6300.1895
NCX30,4546.654
FDR09,4502.382
FDG08,4956.2827
NCU30,2747.9922
FDB16,1375.0615
FDM16,1310.1869
FDC48,1352.3357
NCF18,2931.6008
FDU46,1178.0298
FDH41,2874.1172
NCN42,446.5379
FDU49,1419.7374
FDB20,2219.251
FDG50,304.63358
FDW20,1663.2706
NCO55,1693.9004
FDX48,2378.7266
FDU48,2111.8806
FDR48,305.91995
FDK27,2136.5461
FDT35,2624.3542
FDN12,1689.472
NCE31,121.328354
FDL21,688.5023
FDV56,1703.5107
FDR16,3081.2922
NCP41,1692.7582
FDJ27,1669.2074
FDA07,2121.7554
FDK55,1348.3223
FDM33,3994.805
FDY46,2950.4353
FDD36,2008.8201
FDB12,2698.0632
FDF28,283.9353
NCE07,396.96875
FDW50,3881.3948
NCW18,4573.637
NCJ17,296.79794
DRZ24,360.98444
FDS07,2083.271
NCW05,340.84665
FDZ22,1170.5245
FDK02,2021.9932
FDZ45,4743.442
FDL25,1407.2319
FDS08,2584.3835
NCZ42,7049.4863
FDX57,1634.4722
FDF21,3041.6882
FDJ56,1320.8513
FDX10,653.56085
DRG48,2233.1938
DRN37,2500.735
NCY41,458.85782
FDN28,1615.655
FDE34,2516.2368
FDR10,2749.4517
FDC32,1406.9285
DRG13,2594.89
FDP59,1523.3663
NCT53,367.70038
FDL57,5880.9033
FDN32,636.24207
FDK09,3111.3706
FDA52,433.97128
FDC57,3103.678
FDI09,4257.428
NCB07,2849.4355
FDP26,1656.4521
FDP40,3145.4065
FDL15,2487.8823
FDV07,1894.1075
FDS03,1131.3184
FDE50,3017.2317
FDQ15,1301.3286
FDQ33,394.40308
FDT22,842.11145
DRO35,2079.8494
FDJ41,4490.204
FDQ27,2228.9863
FDC26,1993.7444
NCF43,3299.7007
NCR50,2696.4197
FDE39,1729.8074
FDN49,1155.3484
DRG11,1788.4934
NCA18,1886.0969
FDM36,2581.7935
FDW32,1352.1077
NCQ18,246.99254
FDX14,1966.2603
FDD46,2261.4988
FDI34,326.76968
NCJ17,1380.3047
FDB52,4225.842
FDV55,1879.4192
FDC57,3008.7288
FDB29,1896.1101
NCO43,1875.5355
FDG44,903.72217
FDJ34,1954.0142
FDH40,1317.46
NCD07,3000.1213
FDB41,743.5445
FDH47,1338.1747
DRK37,3765.8596
FDM25,412.86267
NCX06,2902.717
NCS05,2277.7214
FDS39,2053.4685
FDC47,6081.9033
FDG20,2805.8518
DRL23,1638.9656
FDY33,2634.1309
NCH18,3773.3557
FDX47,2449.176
NCB06,2558.2705
FDP36,841.1969
FDW44,2617.8052
NCU41,2845.194
NCS17,1541.7621
FDD46,2352.232
FDE45,2989.7925
FDI09,3634.3313
NCJ54,491.69894
NCA29,2617.8052
NCN41,3520.7156
FDY34,2908.7961
NCG55,2025.5208
DRM49,713.6048
NCB42,1979.9594
FDE58,1705.0178
DRJ25,770.001
FDS47,196.12343
FDY21,3246.5154
NCI54,1857.5778
FDO24,2635.3403
FDY43,2926.0186
FDF35,1361.0881
NCP29,219.29732
FDN28,2651.3164
FDJ50,720.8901
FDQ14,3472.8074
FDC37,1748.1974
FDN08,1853.4668
FDD04,2307.7402
FDW34,3120.1523
FDP04,1105.5874
NCG07,3195.5034
NCN14,2631.0925
FDJ16,935.4847
NCM42,1624.3687
NCF19,755.63904
FDY21,3089.0403
FDY19,1896.8269
FDV09,2469.0393
FDA28,2494.842
FDC38,1851.105
FDL28,3955.1477
NCH43,3865.9822
NCN53,630.4552
NCW05,1733.6693
NCO30,2494.7407
FDT04,96.963104
FDB27,3236.3933
NCK07,2746.936
NCA53,808.60706
FDB33,2313.3152
FDU37,1547.9193
FDR13,1969.0873
FDE45,2969.776
FDV37,3353.1572
FDX44,274.39285
NCL06,4566.66
FDJ28,2953.0107
FDX55,3661.0237
NCK17,465.81488
FDH52,958.5916
FDN13,2714.2058
FDK44,2415.0825
FDU16,1276.368
FDZ07,957.1478
NCN06,3993.0002
FDH02,229.24777
NCW18,3916.3044
FDH57,2106.9539
FDV35,2437.953
NCU29,2355.905
NCP02,888.73456
FDN44,2724.7947
FDX03,462.33118
FDR11,466.27792
FDA36,2788.3167
FDP58,5116.4937
FDH31,1439.5973
FDH34,3255.0027
FDS13,2940.6333
FDT01,3322.3127
FDY09,2961.148
FDV33,5672.7524
NCW29,351.3966
NCN17,1690.3475
FDX01,1947.2322
FDL03,3288.9946
DRL59,909.1776
DRM11,4749.5522
FDA43,3228.089
FDZ56,376.57004
FDI44,1156.6725
FDB50,1354.3685
FDU15,131.08507
NCJ19,185.5035
FDD48,1917.7848
NCW42,4265.6626
FDL24,2993.7979
NCB30,2976.0767
FDK25,2859.222
FDW28,3026.321
FDD47,3529.5098
FDK16,241.66765
FDW37,1415.1494
FDA48,3818.6597
FDA14,2425.0388
FDV15,1690.531
FDN22,3846.1006
NCD55,641.6715
FDY43,2866.9727
NCU05,1374.2645
FDF10,2473.8293
FDR39,2631.0925
FDG40,593.53705
FDZ28,274.33487
FDE02,1559.708
FDU60,2793.836
FDM21,3759.3318
FDV52,285.13016
NCW06,3034.7026
FDX36,3765.7263
FDT35,4294.3306
NCL19,377.33813
NCD31,2754.2004
FDE53,333.2053
FDW58,223.25595
DRF48,3086.1838
FDW57,2745.459
DRH13,1764.572
FDT33,2735.7705
DRK47,4673.3286
FDY22,342.55777
FDC35,549.6426
FDO03,4202.3535
FDF24,1296.307
FDF56,2368.7048
FDD28,846.8162
FDG53,3615.969
FDO27,210.66704
NCF54,2643.748
FDC20,1877.9058
FDU10,679.0057
DRA24,2508.466
FDA02,263.04102
FDG10,953.4648
FDW39,597.01587
FDP04,214.30522
NCM55,3077.646
FDG47,4405.0586
NCU41,3178.6252
NCK31,851.51855
FDZ46,1613.557
FDU13,3189.2188
NCF19,733.8103
NCJ43,2848.2058
NCJ05,2506.388
FDS04,2809.8425
FDX28,186.19781
FDB41,1047.2048
FDG53,2104.7854
FDL15,296.6443
FDQ08,1005.10443
DRN36,1589.3303
FDI46,4144.1274
FDG16,5360.188
FDV32,920.87665
FDF44,291.71844
FDK04,772.75433
NCA41,3345.9604
FDD51,688.42914
NCZ53,2953.0107
FDP01,3603.2463
FDY25,2991.29
FDB17,2305.738
NCV54,1774.8643
FDJ32,1122.4696
FDA37,2038.1141
FDG35,3653.344
NCM05,3165.5876
FDG45,3965.0525
FDH28,618.79877
NCE18,4005.2173
FDH38,1814.5248
FDR56,2944.6023
FDH17,2261.5588
FDD39,4033.0347
FDB41,734.66565
NCR53,3332.8538
FDX46,909.447
FDV28,668.42365
FDA08,2463.1846
FDH45,682.2365
NCS38,308.64432
FDD40,616.00726
DRM59,2279.1968
NCJ43,2657.5974
NCN29,808.60706
NCC19,2920.6228
FDR56,3165.927
FDZ43,4113.446
FDJ32,156.42586
DRH03,1415.1285
NCZ54,2882.6304
FDE26,2478.9336
FDS03,1077.528
DRZ24,376.70422
FDO48,4761.0615
FDW39,2918.386
NCK05,992.216
NCK30,4646.9243
FDT27,3389.5269
FDS08,386.36838
NCJ19,930.4676
FDC58,654.8896
DRE37,3113.9333
FDW02,2416.7595
FDJ02,354.32684
FDX09,2765.404
FDT31,548.83594
FDI24,3051.9695
FDY09,2872.9712
FDV28,589.31726
DRM47,3300.5486
FDT52,410.217
FDI48,725.2097
FDY55,4899.699
FDU48,2157.4463
FDN25,808.166
FDP20,2049.332
FDJ15,3020.178
FDD04,1776.9448
FDY58,4145.481
FDR37,3009.5752
FDF44,2039.5657
FDD32,1279.2877
FDR57,2325.5823
DRG39,1769.0665
FDX15,2555.2234
DRN37,2393.6426
FDW40,3866.0095
FDB32,1515.2781
FDM40,1852.4729
FDE39,2940.7197
DRH49,1330.1948
FDT46,768.5938
NCF06,3983.598
FDP07,3245.7844
FDC04,3940.606
FDZ32,1771.704
FDD50,2850.5583
FDU56,3366.795
FDV34,1146.1464
NCY41,613.61804
NCK18,2709.265
DRH25,910.19244
FDT57,3939.5867
FDV56,1278.2031
FDV12,1575.4569
FDN52,1379.2578
FDX38,781.9063
FDE47,1706.5773
NCO07,3736.5142
FDV09,3850.4143
FDZ23,559.6777
DRH51,1127.5531
NCY54,2699.6821
DRG49,4611.8027
NCC19,3401.189
NCV53,4549.017
FDZ47,277.1126
NCO26,1677.9872
NCP02,890.2742
NCW30,2651.2002
NCN55,4045.9292
FDB20,194.12904
DRL11,2490.5015
DRD60,3068.4014
FDW14,216.35258
FDL27,173.8236
FDU09,799.0672
DRH36,1915.1611
FDP34,3726.5005
FDE04,3213.646
FDZ57,3118.2246
FDF02,272.5043
FDG28,3803.1616
NCI31,638.7389
FDT43,751.98456
FDU20,2109.831
FDD53,766.56506
FDW15,2479.8457
NCT53,2476.312
NCG55,2852.6675
FDD48,1973.3596
FDG47,4309.908
FDI21,1293.9792
FDT27,4341.671
DRO35,2024.2745
FDD33,4451.2144
FDC04,4070.2878
FDY34,2697.8293
DRJ49,1969.1881
FDE05,2402.4814
FDU31,3614.9844
NCN19,4722.258
FDK56,5310.179
FDK58,1796.2942
NCJ42,1606.0632
FDZ34,4972.249
FDA52,2621.1746
NCR29,881.0485
FDT48,3601.3865
DRJ51,620.5617
NCS54,2968.5806
FDV01,2481.4587
DRG51,3780.865
NCG42,2243.0176
FDA51,1895.9176
FDV19,440.6514
NCT18,3060.7996
NCS41,2989.6404
FDO03,3869.9136
FDL12,162.99174
FDY37,317.1385
FDI58,1450.0
FDT28,2070.6619
NCC42,373.4577
FDO01,2042.5446
FDJ02,2562.3267
FDQ04,496.69278
DRL47,2148.9795
FDZ32,1737.8391
FDC35,3688.3848
FDX14,1136.7324
FDZ35,1759.6737
FDL14,2356.859
FDO04,912.1844
DRK11,2297.651
FDB44,3074.7131
FDZ50,3381.9036
FDI12,2622.6357
FDU43,4196.968
FDD58,243.44923
FDB27,3230.189
FDB04,1143.9921
NCO17,2010.3688
FDL12,890.87177
DRJ13,2645.9102
FDD57,1502.4904
FDW19,1899.3032
DRD27,1280.8687
FDH27,3663.5647
NCW30,7239.395
FDR40,1168.0925
FDG05,2463.6475
NCY41,131.05032
FDI38,2996.045
FDR20,692.67505
FDE09,1763.7845
FDN50,320.64127
DRF27,2438.9966
DRF51,600.7343
NCO02,217.03923
FDB51,1734.279
FDJ50,868.9794
FDN52,1365.7664
FDX14,1322.3654
FDT27,670.0143
FDV10,688.1221
FDU33,728.1775
FDU58,3188.5664
NCP42,5520.5264
FDL51,5151.3374
DRH15,1028.7694
FDU16,1329.0393
FDW15,2576.9895
FDQ44,1666.5809
NCI06,4879.5947
DRK23,649.64594
FDC28,1636.5131
NCY17,145.44073
NCV05,2205.746
FDM34,318.43823
DRD60,6216.8794
FDT38,1289.2313
FDQ57,2006.4215
FDE59,992.04443
NCM43,2707.4731
DRI51,2951.3503
NCG30,2135.0513
NCK54,2030.6752
FDQ16,275.13922
FDI36,2959.121
FDX16,3682.8672
FDA34,3333.1235
FDJ48,2900.4421
FDU47,2212.462
FDS39,2136.4272
FDD11,3736.7952
FDM16,1624.1212
FDU56,2638.9966
FDQ32,2198.0796
DRK35,697.1764
FDA58,3780.9556
DRG48,395.71027
FDT59,485.00986
FDQ31,274.39285
FDS51,852.3654
FDW32,2548.6567
FDI15,5225.3623
NCV30,993.21356
DRG25,3070.6348
FDT02,567.24866
FDO33,3247.9856
FDP38,828.94476
FDZ45,3179.0654
NCA54,4909.08
FDU33,801.90784
FDN58,4050.4355
FDI05,1242.5099
FDM57,272.38034
NCS42,2308.7576
FDB57,4438.1543
FDC03,3011.9004
FDZ58,2119.305
NCK29,1854.2977
NCR53,3549.3115
FDE26,3497.411
FDU52,2455.029
FDE41,2023.7936
FDU38,2778.3757
FDA52,2698.192
FDW46,1098.3254
DRI59,4113.9185
FDT38,1365.2742
FDL33,2889.5242
FDQ01,5378.0947
FDJ08,3035.9563
FDQ47,680.3952
NCZ18,4117.5503
FDE29,939.7043
FDF10,3365.7021
FDC48,1355.7051
FDY58,4280.6875
NCX30,1306.8163
FDV11,2853.5476
FDT46,755.63904
DRD01,194.23341
FDQ11,3975.9927
NCM41,1467.4178
NCC55,613.19965
FDG45,4787.691
NCQ54,3261.0964
FDM34,2159.5134
FDD17,623.6411
FDN38,5852.3145
FDB53,2104.329
NCL06,4323.1343
NCV18,263.06805
FDX25,3196.7542
FDB39,897.3528
FDC33,3176.5464
NCO14,480.9463
FDA58,6169.291
NCQ02,3325.8777
NCR53,3299.0645
FDN52,1365.7664
FDG26,3940.6008
FDE23,1207.3848
DRI37,881.1589
DRH37,2403.793
FDO01,2170.7588
FDK45,2071.0452
FDP23,3638.839
FDM33,3777.0278
FDD36,2029.5345
FDL56,1350.53
FDT27,660.6786
FDG52,678.89343
NCL42,4552.425
DRJ24,3020.0198
FDV38,877.4216
FDT35,2855.0818
FDY51,2940.6377
FDC37,1782.0623
NCP43,2665.4336
FDO33,1763.2334
FDW04,1976.8474
NCC31,2513.22
FDK22,3338.1016
FDJ50,969.47125
FDV13,1530.6012
DRL60,2333.5957
FDW03,1998.7251
FDY27,2637.7412
FDB39,1769.0665
FDU59,2481.2473
FDZ57,2088.5964
FDO21,3765.374
FDS43,2844.2861
FDU28,579.97766
FDC51,290.765
FDW16,187.44997
FDP32,324.93066
FDB60,497.10458
NCQ30,2037.4856
FDD26,3528.7124
FDI44,1295.3777
DRH23,914.91077
FDO44,1983.402
FDG04,3021.1333
FDM32,2460.0315
FDM09,2746.936
FDZ47,1567.9482
FDM40,3522.8716
FDY48,1782.0623
NCM30,729.40356
FDX36,866.29614
DRF03,686.5722
FDN51,4230.2935
FDM57,1304.952
FDB35,1440.7135
FDY13,2363.269
FDA37,2120.9583
NCX53,2348.378
FDD59,1170.5245
FDX10,105.451996
FDC03,2663.7012
FDW43,3973.7727
FDW10,2672.9333
FDY14,6292.733
FDV43,732.881
FDO40,2549.7576
FDP46,2535.8308
NCE43,324.3348
FDD05,1752.6848
FDJ60,534.94635
DRE27,1307.1926
FDO11,4880.45
DRG11,2615.1152
FDK33,626.18195
DRM23,2679.223
FDJ02,3968.0044
NCZ05,1605.6376
NCL30,2088.0674
FDZ19,2471.5996
FDM45,1969.3838
FDO36,2743.134
NCK31,770.84106
DRJ37,2158.0295
FDP24,1740.9297
FDF46,1849.8126
FDX46,180.22173
NCL18,2893.3972
FDJ26,3372.7468
FDJ07,1821.8647
FDY15,2073.8647
DRG01,1197.7377
FDF58,1064.1698
FDZ14,302.9212
FDP31,950.8134
FDH45,656.99927
FDA09,522.935
FDW31,2925.8108
FDA57,646.739
NCE55,2657.6292
FDC17,295.7078
FDC59,1039.2666
FDA22,3211.2266
FDK52,3840.811
NCM26,2389.3088
NCT53,2633.6047
FDW45,2156.6394
NCI18,3985.7964
FDE38,2466.5376
FDF08,274.39285
FDY58,528.35736
FDF58,227.17484
FDX39,4051.4624
FDB44,3949.3823
FDF28,2318.34
FDE39,1860.0667
FDT37,3136.5234
FDZ45,3262.8025
FDO40,2650.4202
FDM57,2009.3373
DRG36,3086.86
FDY36,160.13435
DRL60,3583.67
FDS25,324.9806
DRF49,2926.4946
FDP16,3912.189
FDS60,2794.7944
FDU15,995.57983
FDK43,2098.0876
FDN25,805.8654
FDE53,1710.7864
FDB22,2414.3845
FDE39,1967.1763
FDX35,4105.5083
NCG54,3145.8972
FDH27,2369.6284
NCK42,3134.905
FDS25,1675.6156
FDI10,2617.8052
FDU35,1727.3694
FDI04,3262.8025
DRK23,4620.609
FDB53,349.97046
FDY02,4056.1218
FDM60,701.9922
NCJ31,592.1108
DRP35,2189.939
NCQ30,1856.6847
DRL11,397.4948
FDU01,3273.3005
FDR39,2988.1182
FDO08,2584.9065
FDC02,4606.2124
NCZ29,2113.842
FDF29,453.27765
FDZ23,3300.6304
NCU53,2441.1533
NCW30,3750.193
NCM26,3786.8242
FDV50,2841.2764
FDW15,2534.0247
FDI35,5872.876
FDO11,4644.115
FDN48,1456.7344
NCA17,2312.003
NCN54,1289.148
FDP22,720.8494
NCB54,2021.1495
FDD08,666.69806
DRM48,114.675606
FDG41,3112.4429
FDE44,1695.0822
FDE26,2353.0728
NCS38,1899.4982
NCJ54,3315.06
FDI40,274.1694
FDN45,3105.382
FDU43,4051.9646
FDI04,580.6371
NCC07,1407.6842
NCC07,290.19165
NCD18,4316.1655
FDU55,4224.1724
FDX59,669.44226
FDR52,3204.1245
NCP17,1026.8677
FDQ32,2078.7432
NCT17,3300.5486
FDO10,913.7911
FDE32,634.8336
FDN44,2599.1243
FDH02,1515.181
FDK60,1633.7604
FDS24,266.20364
FDL03,649.43945
FDB46,5382.1206
FDO48,4085.764
FDZ39,1608.011
FDT02,888.183
FDC50,1615.6312
FDP39,847.7051
DRG15,809.98236
FDP10,1322.5032
FDF53,5264.5273
FDN34,2782.8997
FDK02,1959.3733
FDC23,3412.0093
FDJ10,309.12595
FDE53,1714.1278
FDR25,5079.711
FDW50,2461.0818
FDS09,821.54553
FDW49,481.7054
FDU51,2753.1348
FDF28,1722.7684
NCY30,2401.0085
FDD44,4897.506
FDX09,3288.5864
NCF30,2128.3435
FDZ50,587.4133
FDW37,1468.7875
FDD11,4107.007
DRH39,895.20215
FDA36,2734.666
NCG43,1409.3984
FDF02,1725.568
FDP57,2544.9377
NCE42,3504.6487
NCR38,5759.913
FDP03,319.9641
FDO51,756.54694
NCQ42,1990.1224
NCM41,1429.1284
FDH48,2173.1409
DRF60,4069.2026
FDJ27,1639.0801
FDQ14,2276.1672
FDN27,1789.5002
NCQ02,3011.499
FDJ33,1990.1378
FDP07,5892.91
DRE01,3914.5422
FDU36,1428.7596
FDL28,4457.571
NCX53,2273.31
FDZ39,1604.6416
NCP42,3194.17
FDJ14,1391.3931
FDK04,900.36707
NCC19,3032.0227
FDS09,725.1624
FDZ02,1557.0829
FDD35,1719.1466
NCY42,2333.2058
FDB05,3626.7976
FDF20,3256.9905
NCO41,1287.8809
FDC40,2202.142
FDV58,3114.6333
FDZ57,2034.8008
DRM35,2781.9893
DRN36,1316.2561
FDQ13,1330.6924
DRO35,251.71349
NCD43,1691.315
FDA51,1595.8291
NCX17,5897.67
NCZ17,686.99414
FDR11,3795.4011
FDW34,4153.0234
FDN50,1532.6852
FDS09,776.1178
FDS48,2208.9246
FDL44,2590.3723
DRF48,2584.9036
FDA14,1895.7792
NCD30,1562.3292
FDI16,828.1794
NCG06,3939.0244
DRZ24,2102.0325
NCS17,1603.2377
FDB37,3960.5544
FDE10,2109.3215
FDC57,3087.4614
FDM12,2703.8115
FDE24,2276.3584
FDW22,3754.49
DRD01,1550.0225
NCZ18,4967.253
FDN49,643.62317
FDR22,2014.9326
FDV08,134.73155
FDY39,3349.9941
FDV36,2207.0789
FDO60,833.48663
FDU04,3241.9287
FDR20,1531.6112
FDW19,302.0501
FDU40,2731.7012
FDK15,1439.5973
DRF15,2381.2134
FDQ25,2892.407
FDI48,168.21031
FDS49,1353.5021
FDV22,2552.8232
NCV42,1708.7715
FDX26,3101.7463
FDI33,1262.8042
FDZ14,1975.957
FDG10,918.937
FDM38,707.6544
FDG26,6767.48
FDH46,1766.7905
FDN13,1225.3152
FDU57,2453.0647
NCI06,2829.0903
FDM38,888.6589
NCG42,304.43243
FDL39,2493.6064
FDT31,508.66492
FDV59,3561.1108
FDB49,1781.3363
FDD58,1701.8198
DRN59,755.63904
FDX48,2484.5574
FDQ11,4089.1396
FDY12,918.3596
FDQ11,3868.352
DRI11,2008.9685
FDY32,4285.0776
FDS51,904.28656
FDR19,284.7709
DRB13,2597.3628
FDS21,967.1551
FDQ40,2724.9202
NCE55,2669.0698
FDX43,4014.7534
FDS12,2118.6199
DRK01,2546.205
FDN25,861.9566
FDB60,3031.825
FDQ13,1397.8325
DRK13,2874.8193
DRF25,495.85043
NCD42,114.34821
FDW25,1339.9678
NCV29,4784.127
NCK42,3132.3938
DRJ13,3735.4377
DRD15,3477.093
FDM27,2433.971
FDZ50,2679.5295
FDC04,3766.9856
FDF50,3427.0828
FDP15,3685.095
FDK46,4219.515
FDZ56,2276.1025
FDY60,2393.4536
FDB10,4121.8564
FDR57,2217.023
FDU58,3285.875
FDH02,1442.3583
FDP48,3419.8564
FDI46,4192.697
FDW56,3344.4253
NCM19,268.19012
FDS50,6022.165
FDK24,664.5656
FDO36,3188.7974
FDK45,2968.0183
NCL05,775.21436
FDL32,1595.3982
FDA28,2083.6624
FDY36,926.7014
FDP32,1806.5826
FDL50,2099.9937
DRC24,2512.1887
NCS18,1782.0623
FDD16,1217.3556
NCV18,1416.9545
FDX07,3064.5532
NCZ05,2557.481
NCI31,630.764
FDK14,1342.859
NCR06,652.36127
NCF54,3106.9834
DRG23,416.1009
FDD53,679.55426
NCM31,3413.6372
FDT16,4275.2246
FDR40,1391.0889
DRG25,3499.99
FDT10,983.11127
FDY32,2702.807
FDN50,1538.3678
FDZ35,325.89157
NCP54,2013.0553
NCD07,1792.9742
FDS02,3279.6533
DRN59,683.02563
DRB24,2255.7627
FDP37,3220.8499
DRB01,2796.207
FDR47,2963.1687
NCM31,378.25983
NCF06,6277.188
NCV17,3345.2654
FDS10,2919.0642
FDN52,1381.4224
FDZ48,1855.12
FDJ48,4327.4443
DRB13,4232.786
FDV59,3769.4307
FDL32,1828.2572
FDZ12,2221.0168
NCR06,814.5876
FDP51,2020.334
FDY22,2245.336
FDZ38,3138.4097
NCO54,946.1242
FDR23,2833.0935
FDM38,921.20667
FDS25,1868.4166
FDZ22,1357.7744
FDZ20,1027.6516
FDD45,262.04953
FDN03,3829.8308
NCW30,3433.1472
FDY24,1960.0427
FDJ26,520.4464
FDM15,2333.4792
NCW54,2048.5469
FDA23,1504.5648
FDA39,115.9096
FDZ12,2253.2688
NCB42,1976.59
FDL16,750.20685
FDO24,499.18884
NCP42,3126.3577
FDR19,1961.8574
DRL01,4278.588
FDV37,2911.636
FDI41,466.31705
FDF58,954.0791
NCF43,1963.4447
FDN02,4112.162
NCP41,1737.6042
NCY17,1306.1749
FDL58,4769.392
NCA30,5351.3804
FDE46,2144.5708
FDY38,4075.7258
NCH29,2527.784
FDO20,3837.5613
FDP44,1338.3821
FDM02,2524.477
FDJ14,2310.319
FDH04,221.31061
DRK23,4802.7163
NCW05,1696.6761
FDF12,2421.3618
FDL51,482.92142
FDN03,3283.1409
DRJ37,2446.976
FDM12,546.555
FDA16,4471.546
NCB07,3310.6963
NCI17,210.35434
FDR51,2446.3142
FDJ55,3926.8438
NCZ17,650.26605
FDU25,904.7066
NCG18,1619.5168
DRM11,4801.7266
FDH16,1430.584
FDZ04,772.76874
NCX53,2446.734
FDX38,1363.7507
FDX09,2782.007
NCW05,1382.6873
NCS41,3387.516
FDI26,2580.8079
NCZ41,3546.1633
NCK06,1986.6729
FDX23,2566.0076
NCA42,2424.5361
FDC20,917.83105
DRC49,1838.7882
FDX01,1947.2322
FDC08,3834.547
FDC02,5352.5347
FDK10,2776.381
DRC24,2645.3442
FDW16,249.0093
NCU06,3508.5745
DRA59,3081.8145
FDR24,275.32217
DRL35,455.86493
FDA49,1394.1171
NCC55,636.97296
DRD24,235.45103
NCE55,3101.9248
FDT33,2834.1084
NCT53,2631.4858
FDS26,3554.795
FDL22,1268.5227
FDP44,1749.9053
FDC52,2095.6199
FDI53,459.65936
FDZ23,3003.3254
NCT18,3229.7136
FDR13,1913.5125
FDB09,307.6529
FDZ60,1479.0643
FDB11,3630.3787
FDC10,1769.2794
FDW56,3463.668
FDK14,2165.8618
DRE27,2550.79
FDA38,3661.8774
FDT11,2920.6467
FDP15,4085.151
FDV27,1457.6552
FDS36,2554.6157
FDY40,1432.4713
NCF19,809.705
FDF53,2731.5408
FDS14,3669.285
FDE56,1067.6501
FDZ19,2902.0054
FDZ46,1798.7307
FDR16,4167.8276
FDG29,440.06613
NCE30,3208.6196
FDZ40,911.0481
FDG58,2337.9788
DRH03,1531.5864
FDZ47,1310.793
FDV04,2230.4539
FDZ10,1789.3582
FDG46,1988.9147
NCF07,1536.4352
FDY44,3406.1436
FDB21,3671.7039
FDS20,3241.393
FDS49,1356.8715
FDX55,4561.877
NCQ02,2511.5557
FDR25,4781.5156
DRG39,884.9884
FDB46,3320.4514
NCC30,2185.6357
FDE58,1873.378
FDC05,591.16925
FDY15,2162.498
FDG14,2359.056
FDL08,3882.4722
FDQ47,541.10284
FDN12,2039.6937
FDW10,2826.7554
FDD02,2010.6732
FDX35,734.126
FDT35,2584.8674
DRN47,486.09274
FDB11,756.3641
FDN20,2832.1252
FDB59,2709.9548
FDJ58,2723.1804
FDU60,2671.3179
FDS03,1208.0907
FDU40,561.0842
DRH15,771.44293
FDD04,3218.2786
FDQ01,3709.2673
FDF28,2147.3047
FDD22,308.64432
FDY19,1836.8237
FDN33,1481.3224
FDV36,2286.9592
FDW01,358.31018
FDJ28,3204.1245
FDB17,3062.7246
FDM40,2240.1724
FDV46,2202.3767
FDQ44,1744.0836
NCD42,617.1819
DRH37,2566.7864
FDR10,2571.3274
NCD06,1454.5431
FDI53,2449.7385
FDG16,3610.5312
DRB25,1673.0408
FDY09,2773.3792
FDX48,2656.6824
FDC03,560.7788
FDT47,1813.6777
FDW44,4353.6914
FDT24,1282.221
FDT12,848.7461
NCS38,1901.8391
FDO39,3196.9448
FDA13,682.8499
FDO48,4265.0747
DRJ01,2314.2593
FDD53,463.66724
NCT05,4344.907
FDQ51,754.732
FDU60,2757.0886
FDC59,946.5656
FDP36,852.6714
NCM19,1947.7328
FDL16,735.7558
FDE50,2646.9404
NCR18,654.4449
NCD30,1477.8282
FDH31,1590.9531
FDD56,375.16623
FDC47,4156.9546
FDZ21,1548.5726
FDM01,1701.8198
FDF24,1320.5956
FDW23,718.94116
FDY52,825.58856
DRH37,4008.4202
DRO47,3372.7358
FDR25,3548.3208
FDQ24,6001.0903
DRJ51,3299.0957
NCU06,4513.378
NCV18,1170.099
NCC06,3328.8145
FDZ01,1345.9086
FDT14,2027.6191
FDD11,641.6527
FDN09,4215.853
NCO18,435.64
FDZ50,3012.608
FDS44,3600.9717
FDI36,2850.5254
FDA26,488.45612
NCY53,1872.0455
FDF32,2998.997
FDF59,255.28723
FDB20,1266.1952
DRH11,1048.841
FDT03,1499.8807
NCH06,4235.47
FDR55,3172.756
FDI10,2862.1663
FDZ12,2083.5898
FDM12,3106.6646
DRB25,1588.1473
NCS41,3158.5544
NCT53,2718.8696
NCD55,639.7269
FDY08,2259.5974
NCP55,913.32166
FDA33,2291.6848
FDQ33,2504.046
FDE45,4633.9307
FDT26,1984.1892
NCV53,4610.234
FDK60,2795.936
NCJ29,1340.4034
FDI15,3880.7568
FDX21,1776.7988
FDV49,1158.8867
DRO59,1340.4034
FDZ14,1884.0035
FDP32,3541.4446
FDC33,3199.6892
FDT14,303.2484
NCN54,2229.0518
FDR57,3947.7034
DRK12,645.0429
FDX52,3194.2612
FDX08,481.78854
FDP10,277.77316
NCP50,1285.2708
NCL06,4301.903
FDP25,4723.6543
FDE53,1707.417
FDL27,1287.7169
FDC35,3395.4387
DRJ47,369.8139
FDD16,916.2471
NCN42,2614.4773
FDC38,3348.9805
NCO07,3325.404
FDQ20,718.68243
FDI32,1925.8081
FDN20,409.19006
DRJ51,6330.547
FDU08,1456.2594
DRN37,249.23424
FDD05,339.52887
FDW15,2471.732
FDI52,1938.1217
DRM11,3300.9207
NCO06,662.00525
FDU38,3295.9492
FDU59,2441.1533
FDJ10,2167.3618
FDM13,2048.7244
NCJ30,365.62503
FDM45,1770.9518
FDP36,738.7766
NCD30,121.228294
FDN48,1688.9009
FDY32,2704.0706
FDU47,2246.9326
FDF17,569.7375
FDP34,2514.96
FDA47,2842.5378
DRD27,2305.3088
FDW38,1031.6023
FDZ15,347.40442
FDZ03,5294.3594
NCN19,3129.0344
FDG02,3102.7144
FDS31,3179.4478
FDW43,818.6333
FDZ47,196.64363
FDO57,2419.7837
NCL07,650.26605
NCV42,1809.5424
FDP40,2084.5896
FDP48,663.2961
FDH21,2447.5767
NCP02,956.3601
FDK24,801.97626
FDC41,1192.7856
FDF08,1370.8997
FDO49,824.1781
FDS56,7790.9673
FDX46,787.17914
FDQ07,3885.3884
FDC32,245.20253
FDT21,603.4671
FDG58,2309.5452
FDW14,1360.0795
DRA12,3404.2717
FDV27,1384.8324
DRD25,1867.3984
DRF48,5425.6924
FDX24,1494.3969
DRJ51,4117.1797
FDE45,2878.3625
FDE14,1718.3754
FDG53,2019.3285
FDT08,2458.4802
DRC27,5819.9697
FDG20,2730.7888
FDC21,1686.1326
FDV31,2387.5115
FDB58,2227.4863
FDV23,2072.937
FDA25,297.26938
FDC15,2275.6597
FDU47,2217.3298
FDE23,810.7118
FDS08,2642.0425
FDW03,2700.7063
FDJ60,2490.4275
FDM34,2104.2776
FDW33,1690.531
FDZ40,876.1358
FDE33,1159.5688
NCC06,354.65518
FDU11,1466.7172
FDL44,2730.335
NCZ29,2133.5952
FDG28,667.6894
FDL12,777.5964
FDD52,1658.2451
FDO15,1079.0638
NCN29,1336.7234
FDW36,1654.6799
FDB21,3786.3132
FDZ28,2317.6975
FDY10,1949.9833
DRG39,923.22314
FDN28,1700.5485
FDV15,1677.1514
DRI13,3753.8042
FDH20,1605.8912
FDY51,3301.2395
FDE16,3768.8323
FDX40,439.50204
FDC48,1165.0858
FDS14,2138.1882
FDX56,4416.583
FDI10,2687.4194
FDI14,2251.9097
DRM48,635.85956
NCH07,3713.7737
FDY26,4449.1016
FDD02,2699.1152
FDM12,3011.7153
DRF01,294.07935
FDV36,2158.144
DRI59,4004.1584
FDV03,2330.018
FDO39,3307.0242
NCB07,3028.1094
FDH38,2779.6128
FDZ13,765.563
NCZ30,2082.8928
NCA06,598.8111
FDB04,1325.7347
FDN50,1461.1167
NCG06,4142.518
NCY17,728.1854
FDC23,2992.4626
FDK33,3558.7385
FDR03,3938.922
FDZ07,1053.2997
FDO38,1306.8934
FDS59,1759.6737
DRM11,676.8473
FDX52,5837.302
DRJ35,795.6735
NCP53,4022.1453
FDW15,385.14252
DRI47,2499.3137
DRZ11,1938.1329
FDS02,3037.2922
DRD49,3756.924
FDW38,1083.0746
FDR21,386.36838
FDE40,1026.3828
FDI02,1777.1985
FDQ04,669.4523
FDY14,3854.7915
NCT54,1611.2489
DRD25,1872.0366
DRE01,3753.0623
FDJ12,618.9525
NCZ05,1693.9004
DRB25,297.8676
NCC31,2448.9514
FDM16,1247.6089
DRG11,1747.9264
FDV24,3430.2156
FDV43,682.4433
FDG05,2158.1887
FDV23,308.8494
FDI58,1288.8008
FDQ11,4534.403
FDC05,5830.4517
FDF40,3220.7012
FDU02,3290.1519
FDT32,2999.3591
NCF06,4076.384
FDT46,811.10565
FDR58,207.31592
FDY04,2530.382
FDT58,2658.793
FDE46,2220.0796
DRH11,947.1832
DRI51,3034.9285
FDC35,3331.0725
FDP45,4564.6436
FDC45,3090.1746
FDU01,3228.9976
FDJ53,324.97272
FDJ46,2954.9404
FDX07,2941.0132
NCI30,3427.2515
FDE47,3488.966
FDV48,1350.691
FDN16,256.99155
FDM52,2534.2952
FDA32,3779.3247
FDH05,3476.677
FDW25,96.51829
FDQ09,1832.3352
NCM17,132.5189
DRM59,2215.9927
FDV47,2160.3096
DRE15,1287.278
FDS25,283.42242
NCZ05,1369.5825
NCV05,338.60617
DRM37,3183.1548
FDV58,5823.57
FDN22,6986.342
NCO06,665.6248
FDT56,191.94446
FDM02,1367.3125
FDA09,2775.182
NCC06,2270.1572
NCL54,3156.1035
NCB55,975.2691
FDB12,1747.8134
NCA54,3215.504
NCS38,1901.1941
FDC02,4871.434
FDK44,371.67264
FDE16,4061.605
NCS05,2339.7944
FDZ59,2688.7568
FDI20,3968.013
FDQ14,2265.9302
FDF53,3193.2769
FDW25,1435.8248
NCQ43,268.57474
FDX52,3083.1233
FDE28,3747.3608
FDN15,2355.5706
FDO28,1790.2527
FDQ33,2434.5986
FDM22,157.91646
FDJ03,775.7871
FDI16,888.6708
FDI09,6435.327
FDX55,3540.0225
FDS23,3396.6074
DRC12,2962.4353
FDH41,3902.2866
FDN01,2810.4858
FDV55,2388.8733
NCJ19,877.8874
NCY29,187.3614
FDP03,1881.0803
FDZ52,1733.3976
FDH31,241.23189
FDQ19,3160.7544
FDS15,1716.7573
FDN32,3521.143
FDH32,1560.84
FDF33,1760.9762
FDJ22,2950.4353
FDG56,177.28354
FDC05,3031.825
FDK09,3864.5159
NCV29,2804.2615
NCC43,511.7185
NCA42,2803.1055
FDC10,1884.579
FDC16,1322.3654
NCL17,2118.1792
FDA51,1923.9325
FDW01,2548.5378
NCF30,1966.216
FDN49,642.3923
FDY20,1409.065
FDC15,2168.5813
FDY24,1015.62024
NCG43,1597.499
FDA48,3700.8254
NCF55,669.76447
FDL38,1450.6069
NCQ29,3407.5557
FDC34,2662.775
FDP36,1534.9645
FDN50,313.90445
FDO23,1516.0503
FDT56,836.7538
FDT13,4808.8643
FDZ03,3141.6372
FDQ03,766.33246
FDU44,2667.4165
FDD03,4567.482
NCH30,1838.5441
FDS60,343.31647
FDG08,2854.1958
FDX38,780.7534
FDD22,1985.1073
FDW51,3018.98
FDL09,2642.3452
FDZ60,1157.567
NCH07,2595.461
NCQ41,3174.5007
FDW04,1935.1733
FDI08,5797.7656
FDR19,359.63745
FDV13,1373.4364
FDB52,4023.048
FDZ48,3371.492
NCO14,807.55963
FDZ50,3260.9023
FDN27,308.4128
FDQ60,2077.3926
FDR49,822.99506
DRJ35,1804.4287
DRI49,1365.4108
FDB47,4242.4824
FDP37,331.38815
FDR26,2713.0833
FDY31,379.55847
FDC11,1112.4991
DRP47,4535.7236
NCY54,2340.787
FDR27,2203.1523
FDQ21,374.82788
NCQ29,3943.4778
FDJ02,2807.3284
FDE21,1612.4907
FDM39,2650.3477
FDZ01,1791.5725
NCB19,1201.9072
FDU03,3403.8337
FDP27,3490.069
DRF01,2148.6042
FDM03,1693.9004
FDV01,2430.2927
FDS16,2471.732
FDO45,1511.5339
NCX06,3231.786
FDP13,720.76654
NCR38,3573.7559
FDA01,856.0764
FDT26,1839.4874
FDD44,7054.194
FDB26,887.094
FDP45,530.48706
NCP55,909.9522
FDT23,1418.0549
FDO51,668.13477
FDA44,907.5724
NCJ31,3835.5574
FDX37,1545.2458
NCD18,4239.7837
FDN40,3375.865
FDL33,3036.3896
DRF48,3056.6077
FDW08,1658.8737
FDX39,2910.7974
FDB38,2831.0718
FDY46,2586.7283
NCB06,2621.501
FDA34,3900.3477
FDA35,2006.5458
FDQ07,4387.137
FDU32,1900.4365
FDU26,2022.5919
FDU13,443.3987
FDO09,3144.4866
FDW03,288.2132
FDB38,2707.4497
FDL26,326.2753
NCN43,2063.2078
FDH08,4899.3804
NCC31,450.75443
FDH14,2249.5496
FDL40,1588.4696
FDD20,2279.9717
NCV53,5045.7134
FDD16,1098.5826
FDP24,1912.266
FDQ25,2676.5369
FDM38,951.18427
NCT18,418.60626
FDM34,2144.5771
DRH37,315.3392
NCE07,2091.4373
FDG12,1916.1058
FDB59,481.55804
FDS10,2552.8098
FDN21,492.95532
FDM02,1338.5956
FDO44,1926.9862
NCN17,1732.3319
FDH16,1254.5685
FDL44,2528.847
FDY47,1986.3856
DRI39,897.3528
NCX54,1456.9375
FDE59,642.5458
FDO46,2827.015
DRE13,1417.8379
FDW14,1424.7029
FDF35,1690.531
FDO50,289.28717
DRF49,1948.118
FDT60,2076.5508
FDP38,734.5043
FDA31,4913.623
FDY52,172.17557
FDD03,5929.386
FDN52,1178.5165
FDU20,268.98895
FDD22,2005.2545
NCB55,183.25917
FDN27,1238.3607
FDD16,1292.1547
FDW48,1284.5431
DRN35,631.5592
FDX25,2906.2837
DRD49,3612.8606
FDE21,309.19357
FDN44,2918.534
DRC01,825.7527
NCK30,4463.342
FDU39,846.8698
FDB49,1624.4
FDS12,1982.747
FDR57,2368.952
FDX22,6335.5586
FDC60,1596.3809
NCE42,2927.0933
NCK42,3250.3806
DRE01,3485.8682
FDE57,1876.1846
DRK59,546.0584
FDB10,6102.13
FDQ25,2665.573
FDY26,4536.7095
FDG28,4053.7246
FDM14,1661.471
NCH29,1863.3754
FDD48,1921.1542
FDC17,3652.3743
DRH49,2039.7131
FDN44,2329.199
FDC29,1803.4922
DRK01,252.34749
FDD48,1995.4368
FDB59,2734.863
FDY45,800.4654
FDX60,1380.2859
FDT09,349.00842
DRB24,2242.023
FDL13,4133.284
FDN16,1653.3682
FDK57,2040.807
FDO22,1975.5642
FDC57,598.39874
FDZ13,1559.9797
FDW27,2350.3672
FDX10,654.3485
FDY08,1862.4147
FDA49,1439.1448
FDC32,1389.0016
FDO04,919.9543
NCZ54,2755.1348
FDY40,764.609
FDW36,1569.7865
FDE11,3903.0518
DRE37,2983.8208
NCK19,3329.7415
FDT19,2689.044
FDE56,926.93713
FDZ57,273.1305
FDB35,1511.9963
FDF09,115.83031
FDO34,2715.9604
FDA55,3890.9065
NCM18,988.2657
FDJ20,287.53564
DRQ35,333.52112
FDG02,3105.2256
NCU29,2009.4042
FDL27,1681.9359
NCA54,3013.6348
FDJ32,1010.4811
FDB21,573.0461
FDR46,2459.6892
FDZ32,1694.052
DRF36,3223.549
NCU54,3344.024
NCI31,648.1287
DRA59,3125.2073
NCC55,576.3254
FDE44,674.6673
NCN26,1782.5712
FDC11,1289.5043
FDV24,2238.4976
FDR40,269.71094
NCQ17,2640.3035
FDC46,2958.737
NCM18,1098.3254
FDK16,1684.1283
FDI28,1361.8917
FDS11,3302.0264
DRD13,1082.9459
FDL36,1493.9731
FDI27,732.7478
FDJ53,225.4023
FDS44,3907.2527
FDE28,3628.8127
FDQ33,2186.0862
FDB37,4046.6409
FDQ31,1394.4521
NCQ05,2453.7493
FDE10,2035.4836
FDF38,719.6362
FDE50,563.05896
DRG37,250.37454
NCH06,4047.134
FDY14,4926.7627
FDO27,1647.1448
FDQ19,3636.6677
FDZ26,607.0712
FDN51,4468.6313
FDK20,2301.5862
FDD40,2726.9106
DRI25,762.4201
FDH56,1943.9532
FDI36,5711.5957
DRH11,797.86633
NCV18,1417.502
DRI01,3052.3362
DRE48,2835.143
FDS51,1005.8265
FDM38,845.0425
FDB60,5302.7656
FDY58,4375.09
FDY22,2200.2595
FDF11,5270.8154
FDZ51,1666.5109
FDQ45,3374.3135
FDF17,3228.5793
NCF31,3669.6436
FDA37,2034.7448
FDO51,744.3708
FDF34,2688.607
FDD57,1323.0143
FDO37,4584.5547
FDR49,792.1576
FDS39,2200.2888
FDI48,1631.9612
DRM35,3150.6975
FDV57,2812.953
FDZ55,2613.2344
FDI28,1363.7771
FDS21,1165.1401
FDT34,1747.9406
DRI25,951.5629
FDT47,320.48755
DRH39,950.28906
NCD54,2064.1873
FDU16,2036.7375
NCW29,2082.0315
FDV25,6210.037
FDM56,1698.4796
FDZ04,1555.754
FDG59,108.54463
FDI56,1416.9844
FDS33,1408.8934
FDC23,3089.4756
FDT11,3167.2253
FDG17,3974.194
FDZ44,1752.4982
FDJ52,2507.405
DRI23,2562.522
DRE15,184.86082
NCF07,1704.4103
NCR29,926.6799
FDE44,118.60503
FDT23,1485.758
NCG06,4075.122
NCU41,621.1304
FDH46,1782.2817
FDV31,2866.5283
NCT41,3946.0068
FDE22,3792.0342
FDC26,1601.3652
DRF51,679.8858
NCY53,369.69653
FDY21,3180.829
FDL27,1094.2787
FDZ34,3739.4478
NCF43,360.51334
FDC21,1712.3589
FDL26,2362.4946
FDT25,319.66202
NCR30,1186.1477
DRL23,305.53806
NCR05,3170.4963
NCE19,777.2396
FDY07,748.46857
FDB10,4278.477
FDP57,1605.9995
FDU48,323.3279
FDH48,1393.2299
FDO33,1979.9086
NCU29,2286.4578
FDW35,684.9587
FDH05,457.1449
FDP26,1657.4869
DRG27,977.5833
FDQ33,2414.4297
FDH20,204.25885
FDV14,1286.9248
DRD01,915.3909
NCI17,1631.0118
FDF39,838.99225
FDX37,1544.9054
NCX17,3654.5325
FDN03,4034.3293
NCS41,547.5541
FDH34,3035.4258
NCX53,1879.0923
FDY31,2235.6199
FDD20,2254.085
FDE51,755.1929
FDV27,1384.8324
FDF16,2418.647
FDZ02,1539.4908
NCK05,1160.5984
FDM12,3048.7249
NCA05,2188.6963
FDX33,2495.2263
FDM25,2975.3262
FDE41,1157.1556
FDW14,1344.3457
NCD30,1524.9602
FDB23,657.7939
FDF45,919.2606
FDW20,2073.7837
FDF47,3204.7205
NCR05,643.7261
DRB01,3192.1245
FDE36,2707.683
FDU56,3182.0957
FDB23,3924.969
FDN48,1442.0806
FDS43,3083.1233
NCN05,2926.5132
NCL53,2957.7068
FDL56,1337.0386
FDH17,1305.9053
FDP37,2071.2551
FDG09,652.4363
FDA55,4082.7385
FDX31,3074.4766
FDJ41,4110.0083
DRC24,2443.4265
FDQ21,2293.747
NCT54,1563.9803
FDH08,4327.0337
FDY38,3392.6497
DRM11,759.4706
FDG32,3072.9177
NCH18,4045.5105
FDI20,4810.668
FDA33,1945.1835
FDN45,3566.0015
FDT45,153.047
FDR32,4050.5562
FDA48,3532.1016
FDN23,2382.8513
NCR18,706.55566
FDD45,1610.3196
FDI22,3096.5405
FDT09,2389.4373
DRC24,3755.4338
FDT39,2252.9316
FDX28,1560.0575
FDA50,1297.6099
FDT33,4428.2363
FDQ60,2039.8668
NCM19,1640.0582
FDF40,3411.1885
NCI30,4101.2915
FDK34,4099.674
FDA38,6160.1675
FDT02,613.788
FDC11,1305.4926
FDD08,720.0204
NCS29,4647.5337
DRI03,367.69638
FDK48,1224.6245
FDM52,2551.0222
FDP49,852.1895
DRA24,2479.947
NCJ43,3238.8591
FDE11,3837.461
FDP01,1971.4415
FDQ59,1120.6311
FDA43,488.35858
FDL14,2463.4692
FDV50,279.5716
FDT01,4585.976
NCC42,2241.5283
FDO28,1766.3787
FDD32,271.45102
FDV45,3114.62
NCW17,366.84073
NCJ17,1517.4984
NCF18,3174.6248
FDP01,1691.6532
FDH24,2208.3472
FDI38,5923.019
FDX03,701.2047
FDY28,3238.483
FDN34,2606.7463
FDJ02,2563.4104
FDW40,309.12595
FDX03,698.3811
FDE17,3669.6436
FDT58,2675.3958
FDI38,3619.6423
FDW22,4202.0054
FDS15,2847.6619
NCX06,2939.7725
DRK47,4307.172
FDC23,5424.052
FDM56,277.60806
FDP21,3192.1245
FDP58,3097.1143
FDA27,807.9823
FDK41,251.93938
NCH42,4126.377
FDG29,628.4059
FDW15,2199.338
FDD28,769.3607
FDQ37,3249.6875
FDC23,3731.2112
FDV13,1534.846
FDK33,3808.5652
FDO33,1941.8945
FDN21,2698.153
NCW06,5450.7476
FDI38,3951.0417
FDC21,2455.9373
NCS05,2221.3127
NCN53,727.2425
FDV40,169.43747
FDG60,4388.982
NCY30,5858.3125
FDM40,2093.3523
NCO30,3029.11
FDK10,2569.8901
FDM36,2772.3494
FDN10,1930.834
FDM46,1269.4105
FDX50,1733.3944
FDP33,3856.154
FDO12,3065.8323
FDC28,1665.4689
FDO31,1374.3643
FDX45,2688.0117
FDV21,2108.1384
FDH04,1491.162
NCG54,2865.5835
FDO13,2437.0977
FDA09,4439.0864
FDC38,2242.728
NCO42,2139.3306
FDL45,2158.732
NCK31,841.94543
FDM39,2508.0261
FDC22,525.68207
FDF46,1840.0847
FDQ37,2806.6238
FDH41,476.92764
FDQ04,653.9227
NCQ02,3458.3994
FDJ57,5034.0728
NCE07,2193.1218
FDE56,885.384
FDI20,4541.3716
FDK36,706.0422
FDP08,5856.651
FDF44,2202.0774
NCU53,2726.559
FDF47,3536.0083
FDS55,402.08847
FDZ52,225.6585
FDL04,1415.0677
NCM26,2563.0269
FDX43,2674.3345
FDP52,4404.6904
DRK49,703.5294
FDE38,2619.0872
DRF13,2612.332
FDK41,197.96585
FDJ04,3112.9111
FDZ44,1684.004
FDS11,3840.7222
FDA55,4075.037
NCW53,2941.235
FDB49,2336.249
FDD23,4001.5762
NCV42,1878.2018
NCZ29,1814.0134
FDQ26,824.0733
FDV08,727.5562
FDC53,1472.1138
FDV58,611.94403
NCP02,180.22173
DRI37,881.51953
FDQ12,4226.1973
FDE33,1306.906
FDX27,1264.0691
FDM22,846.55225
NCH30,308.4128
FDC04,3849.6194
FDO38,1306.8934
FDV52,3406.5469
FDB32,1527.8657
FDV43,682.0963
FDI24,2415.4258
FDR40,1389.2035
FDW02,2327.0625
FDE44,767.1843
FDL38,1447.2375
NCT54,223.90079
DRJ39,485.5247
FDW55,4235.3364
DRF13,287.95364
NCW17,2326.8044
FDP13,690.15796
FDS08,2358.0198
NCP17,1050.9512
NCO53,3317.0825
FDH19,2851.2195
FDJ04,1870.1069
FDG10,931.76056
FDA40,188.25539
FDI53,2489.8342
FDU09,198.3102
FDK60,1523.3253
FDR43,619.1597
FDW22,4024.8743
DRP47,640.74817
DRG48,389.26328
FDA14,2431.652
FDU49,1447.7161
FDK28,4426.1763
FDT19,2743.5037
NCQ42,1501.4446
FDD03,3576.5315
NCM53,1642.9982
NCX53,2353.6047
FDV14,2142.1584
NCZ54,2905.3098
FDB39,855.0909
DRC24,2425.6316
FDY36,1236.3954
FDN01,3079.6694
DRH25,906.823
FDV08,755.4938
NCP53,4185.278
FDU52,496.29248
NCI42,3640.1597
FDZ14,2073.2563
FDF11,3917.4463
FDQ13,1165.2631
FDO32,130.58139
DRJ37,2100.664
FDY43,2781.2017
NCT41,2623.7493
NCV17,2341.3223
FDM04,1396.7584
DRB48,465.22763
FDM24,2248.7793
FDT37,4150.3994
NCO05,171.30537
FDL13,3876.0654
FDL15,2565.408
FDB11,3334.0327
FDL14,369.7351
FDY10,308.4128
FDJ40,1867.4386
NCW18,4036.295
NCY06,2076.2322
DRE13,1292.2367
FDA26,3598.5713
NCE19,164.05908
FDE33,1366.5963
DRL59,1744.6438
FDY07,807.422
FDF57,2616.991
FDM58,1880.9865
FDP26,2261.0806
FDY32,2637.2058
FDD51,76.74711
FDU22,1709.3684
FDZ49,3127.4536
NCI42,4177.9287
FDT04,949.1029
NCU41,2978.7402
FDS56,3693.433
NCN42,2567.709
FDK34,3840.532
FDB03,3380.7368
DRJ25,763.0554
FDT25,3520.7156
FDN20,2753.5984
FDP09,3422.5742
FDM20,512.48035
NCG55,1965.5176
NCP14,1622.6113
NCH06,3396.3423
FDV52,1660.0715
NCL07,714.5867
DRJ11,4021.6946
DRO59,1241.8341
FDW15,394.2436
NCQ30,2157.2292
NCN54,241.33571
FDY01,3674.6968
FDX39,3721.5269
FDH53,1967.3756
FDA57,694.94885
NCC07,242.3984
FDU28,2999.3591
FDK36,90.798065
FDR36,504.1414
NCQ17,2474.48
FDS28,189.2814
FDE08,2407.8455
FDU22,1894.7499
FDG41,1579.3247
FDO31,192.76637
FDM21,639.1193
FDU40,2909.488
FDV36,1858.3658
FDT10,1808.5472
FDX38,737.09106
NCU30,3750.436
NCV06,3316.0037
FDT16,3805.903
NCP41,2234.3228
FDZ56,2846.1948
FDC22,3151.557
FDU10,701.9922
FDS46,1851.3516
FDO08,2870.1128
NCV42,1547.7499
FDP33,4113.3413
FDJ12,3785.613
FDH04,1459.0757
NCU54,3389.1333
FDO36,460.59335
FDT37,7048.3086
FDD14,600.3957
FDA16,4166.7715
NCS42,275.32217
FDP10,273.9921
FDQ28,2476.7224
FDK57,326.93796
FDK02,1955.8596
FDW47,1798.6417
NCC42,1899.6006
FDQ37,3360.1265
FDL40,1565.5996
DRE13,195.80763
FDQ34,2851.7095
NCB54,1924.9403
FDS48,2552.1807
FDO15,1129.0763
NCT30,725.81573
FDU49,2278.0059
FDE21,1990.5424
FDS49,286.34534
FDT38,2142.1584
FDZ01,1609.8058
FDC41,1314.99
DRG13,386.313
NCZ42,3231.852
NCM07,1342.0015
NCV17,1895.8942
DRK39,1424.5607
FDS37,1630.3406
FDV12,306.67627
NCG19,3869.718
FDS51,913.8865
NCO14,676.1291
FDC38,2215.8162
FDN15,2278.5027
NCH42,4069.8008
FDQ22,632.1479
FDC05,3073.26
FDZ31,3153.7563
DRJ23,3036.1843
FDC52,2479.124
DRD12,218.31062
FDV55,2547.5742
FDD32,1286.9453
FDR01,3175.4585
FDY08,333.3218
FDQ45,3164.0342
DRN11,3635.2183
NCS05,1880.2595
FDY32,2688.2117
NCD31,2751.8276
NCE06,2996.8484
NCP14,1707.5048
NCF18,497.04526
FDF14,2210.1736
FDB22,2369.9631
NCH54,2925.2566
FDU27,740.14307
FDS58,4079.685
NCU29,2515.5244
FDJ57,3325.6653
FDL56,1340.408
FDH60,3178.4822
FDN24,768.74524
FDD02,2284.1826
FDP15,4344.448
FDB28,5877.669
DRC49,2123.0974
NCG30,1820.4418
FDJ14,1339.5005
FDL52,658.5122
NCG19,5674.809
NCN41,2109.6836
FDW22,4092.0718
FDI02,1857.6636
FDV51,2537.3923
FDV48,1357.7744
NCL17,341.20282
FDP46,1396.8219
FDU10,625.68335
FDT37,671.74927
FDI27,806.8765
FDN51,4026.0273
FDW07,1309.155
FDN45,3667.0537
DRN37,4730.638
DRF48,3251.0283
FDP38,150.01355
NCX18,4692.578
FDK45,1845.0574
FDZ37,1383.9294
FDS50,3585.0784
NCR54,2533.6304
NCS17,1601.4524
FDV31,2788.6716
DRE27,1653.9017
FDN60,2651.811
FDK26,3150.2358
FDX37,1262.3519
FDW31,2863.4824
FDX26,2653.5964
DRL49,336.44897
FDU49,1492.7438
FDY58,3980.1543
FDN03,3781.133
NCV06,579.3293
FDH53,1065.7643
FDG31,852.3654
NCC06,2185.053
FDS13,3046.3528
FDP16,4248.4243
FDA35,2111.483
DRP47,3602.441
FDY28,1162.8164
FDY20,1493.0438
NCH30,1920.6244
NCR29,207.07115
NCP05,2550.0095
NCF30,312.29156
FDA08,2935.7705
FDN51,6434.56
FDH12,1690.531
FDY39,3424.1323
NCO53,2881.9197
FDB40,2466.35
FDH02,1445.7277
FDY11,1757.9387
FDQ09,308.4128
FDP16,3895.2725
NCF55,481.1148
FDY09,4977.904
FDY39,3316.605
NCU53,2723.805
NCT41,2466.4778
FDJ45,652.27966
FDR28,2771.3723
FDN08,1853.4668
FDJ07,1914.8092
FDZ09,3903.8882
FDQ14,2331.4307
FDY12,1478.22
FDK57,2009.4717
FDD20,2257.8276
FDS36,1665.5264
FDI40,1688.9484
FDJ40,1779.1758
FDE08,2434.3286
DRK01,1571.5452
FDC58,699.623
FDE50,3121.9727
FDX48,2622.4148
DRM35,2415.4258
FDG41,1664.2181
FDB52,3802.964
FDV19,2609.9307
DRG48,2278.5764
FDI26,2612.7231
FDU11,314.58066
FDF59,227.85558
FDR07,1418.2427
NCE06,2701.836
FDE10,2034.3119
NCO55,1690.531
FDZ13,822.2318
FDT50,1609.7563
FDH12,271.6208
FDD21,1788.1405
NCM05,5100.2666
FDK04,951.39374
FDN33,1643.2501
NCM18,177.6452
DRC25,1486.5254
FDT47,1881.4597
FDD45,2735.0823
NCD07,1656.1486
NCY54,505.2142
FDL12,933.7391
FDL02,1863.145
FDC60,1827.4501
FDR37,3316.8306
FDY16,3580.7087
FDU26,1976.9716
FDN24,868.2854
FDH44,2447.3835
FDE23,102.985085
FDW60,2918.147
FDQ55,2000.8534
FDV32,1990.5663
FDV03,329.61508
FDY14,133.18204
NCL55,5991.09
DRF25,742.8966
FDX03,678.2182
FDF40,3278.6704
FDX24,238.30212
FDA25,1698.2827
FDH21,2548.982
FDB47,688.60565
FDT34,311.6784
FDS39,325.6183
NCU05,1340.4034
FDE02,1436.4412
FDL25,1434.907
FDC50,1619.0006
FDZ32,1697.4214
FDV14,1334.2936
FDR07,1173.6748
FDB26,920.4094
NCR50,2495.7424
FDP01,2279.841
FDH57,2167.137
FDM60,1025.0133
FDA45,2880.5554
FDU55,4181.81
FDH40,1332.2762
FDG40,91.89976
FDT12,4247.1216
DRL59,876.09186
FDT47,1665.8467
FDI60,1109.3865
DRF51,1247.4722
NCK31,805.6246
FDB08,2455.2517
FDM44,1729.9197
FDD46,2226.0566
FDR27,284.44424
FDV56,251.71545
FDM02,1370.6819
FDU45,1628.0027
FDZ10,2190.4526
NCK31,142.83281
FDR27,2290.2246
FDF33,1933.4265
FDJ36,1690.531
FDP33,4014.2224
FDG17,4662.998
FDG47,3480.4631
NCW29,2068.3008
DRH59,1151.5851
FDR32,3966.124
FDP48,3560.563
FDG17,4179.917
DRJ59,690.6295
FDY48,2619.1072
FDB02,2713.9563
FDN10,308.4128
NCD55,711.7101
FDX34,2019.8671
FDZ38,3105.6975
DRF37,4000.5342
DRL47,333.52112
FDL27,1180.3842
NCP53,4399.2974
FDT03,508.94794
FDJ28,3229.7773
FDF40,3285.9177
FDA32,3453.5598
NCP02,895.43463
FDZ31,3055.6392
NCQ29,3906.0469
FDP57,226.61671
FDL32,3701.3115
DRB01,3187.0977
FDJ40,1715.4917
FDO24,2192.6116
FDO11,3232.1045
FDA56,2215.3674
FDF02,1614.4482
FDA10,1912.42
NCI55,2236.5032
FDZ40,96.56247
FDV08,717.29065
FDN48,1438.7112
FDU57,2395.3364
DRF49,1870.4661
FDS02,3070.9497
FDS43,3041.6882
FDT16,4297.2046
FDX19,5963.376
FDK15,1643.3433
DRA12,2159.628
FDY35,824.1205
NCU42,2864.3533
FDD26,3311.287
FDR11,2304.648
NCP53,3994.3203
FDP34,2489.6082
NCV41,371.19196
FDN20,2538.8716
FDZ16,3435.8425
FDZ28,2094.2715
NCL55,4187.201
NCJ17,1378.6378
FDT37,3920.531
FDV51,2712.3228
FDZ28,2136.383
FDN27,1685.3176
FDS14,247.20824
FDZ58,1979.5874
FDD46,2321.379
FDJ03,776.94
FDU03,492.87805
FDA33,3683.0835
NCW53,3303.2957
NCC55,658.80664
FDP52,702.1472
FDE39,1987.2087
FDB44,4186.96
FDG59,671.72076
FDI05,1271.2268
FDF59,1877.9515
FDM39,317.5004
FDB14,1460.7056
NCS05,422.1522
DRJ35,908.682
FDO31,271.45102
FDA31,2737.4805
FDX40,660.68134
FDW56,3214.3127
FDH09,707.8162
FDA52,380.0174
FDF20,441.55243
FDE40,910.53705
NCU17,1655.001
NCP14,1648.3502
FDN25,1838.5009
FDU39,941.13135
NCM05,4191.6973
FDU07,2487.763
FDF28,2094.914
FDR57,2514.8315
FDJ33,1986.7684
DRH23,975.9661
FDQ52,4247.5405
DRK13,2987.0466
FDP09,4553.5586
FDR08,2444.0164
FDV50,1896.9902
FDT13,3359.4888
FDJ27,2997.5322
FDH21,2967.804
FDW14,2317.157
FDL52,715.74005
FDW28,3166.0806
FDL40,1530.9094
FDE24,2224.0242
FDX35,4128.2876
FDP46,1371.829
FDX56,3860.3809
FDQ45,2990.3262
FDK50,3644.069
FDY26,4496.6875
FDQ09,1927.4646
FDN39,3002.0989
FDP13,755.5095
FDR51,2480.735
FDZ49,341.99014
FDL28,3289.803
FDZ10,2170.6995
FDK38,2321.4043
DRL49,3368.326
FDR15,2391.896
FDQ24,4405.6675
FDD56,2910.59
NCR42,578.5978
FDH52,1072.6152
FDH57,388.84982
FDR15,392.27533
FDJ34,2092.1326
FDW37,1435.2338
FDQ23,1412.2075
FDP34,2654.5496
FDE04,4633.226
FDC48,1323.6188
FDA47,401.77213
FDI35,2481.409
NCV05,2382.6729
FDR28,2710.7957
FDH31,1675.0338
FDP59,320.98276
FDS19,1161.1008
FDM60,657.17694
FDJ44,2581.3965
DRH51,1330.9701
DRC25,1517.0171
DRE25,1434.8158
NCX05,1940.8356
FDR11,2517.6357
DRP47,3877.9329
DRC49,272.99338
FDQ47,1186.625
FDL20,1825.4208
FDM34,2323.5376
NCN55,4046.8762
FDD41,1675.93
FDE52,1411.0985
NCT18,386.48315
FDJ32,794.7442
FDE16,4258.005
FDZ09,2604.8845
DRZ11,2017.6196
FDK41,1336.3853
FDE56,937.9642
FDH34,3128.9087
DRI49,1321.3065
DRI59,3603.452
DRC36,2949.1543
FDS15,283.30438
FDI07,2963.4702
FDZ15,1690.2631
NCX41,5008.2446
NCO29,465.46875
FDF57,2849.2925
FDI33,1506.3795
DRJ47,2783.964
FDB34,1333.5396
FDY22,3522.8716
DRL11,2626.826
FDY46,3153.2896
FDG17,4378.061
FDE52,1174.12
DRP47,4695.1406
FDO01,254.19073
FDL09,2621.2852
FDR57,2342.108
DRD37,817.99347
FDQ36,1265.5103
FDL33,3207.6836
FDL48,892.22943
FDL28,4893.9316
NCN29,780.4985
FDO13,2672.5195
FDB38,2857.457
FDI36,3094.1533
FDI58,1548.1948
FDH22,1889.7448
FDQ27,2110.91
FDT33,2421.4087
FDC56,1714.2144
FDF14,2346.9834
FDQ39,3410.535
NCM43,2910.8442
FDS46,2159.8618
FDI22,3852.6099
NCE43,2756.9636
FDZ36,659.2398
FDR13,349.14578
FDP46,1267.9586
FDW56,501.55734
FDB40,2536.279
FDM28,2295.4934
FDV49,4845.873
NCS53,2322.5762
FDO03,4322.621
FDT15,3179.4478
FDD33,3815.2
FDX13,4496.748
FDH60,2875.357
DRH51,1274.8903
NCL07,680.1813
FDW51,2957.67
FDF21,541.0786
FDH26,336.60864
FDJ03,757.66736
FDU35,1708.43
DRL01,3772.6963
FDE59,620.71704
FDI60,1175.5093
DRH39,1347.1527
FDK36,801.01483
FDN52,1337.0494
FDU12,4212.271
NCT05,5303.1074
FDS37,3029.7646
FDK24,782.43896
DRF36,3061.085
FDN46,261.17023
NCN06,2562.5469
FDD59,1395.6654
FDM14,1628.0432
FDO10,790.37885
FDU35,1630.7781
NCA30,2967.4512
NCO41,1564.3245
FDI24,2713.9563
FDZ16,3304.355
FDV47,1333.9412
FDV16,724.5495
FDZ22,1413.0364
FDO20,624.9959
FDW38,908.4689
FDW52,2698.2266
FDT43,135.11926
NCS29,4632.388
NCC31,2599.8184
FDA21,3430.001
FDQ55,1997.484
NCE54,1211.9904
FDD45,1732.2178
NCP17,1090.4661
FDR47,3172.2554
DRM35,2853.5476
FDR47,514.96094
FDX19,386.01083
FDV22,4030.2834
FDQ46,3496.2422
DRO47,1777.9684
FDB44,744.28687
FDN02,638.1552
FDW10,2517.4072
FDJ41,1001.84436
FDM50,898.3383
FDW10,2918.0942
FDY48,1707.7797
NCE30,5502.5366
FDO04,884.5263
FDQ26,143.70729
NCX29,1976.5978
FDE39,1860.0667
NCR54,5838.227
NCP55,1704.8658
FDX22,4198.7373
FDI05,1286.8827
FDC51,3270.9873
FDC10,1970.1066
FDJ46,2881.176
FDV10,162.27946
FDX12,5778.9673
FDL43,272.38034
DRB13,3066.5283
FDF59,3121.4463
FDT35,2707.3857
NCJ19,887.12933
FDT35,2807.5671
FDI48,755.63904
DRC24,359.0366
NCZ05,1768.183
FDJ57,3549.475
FDX11,3152.183
FDE09,1866.1207
NCK06,2055.8677
DRE37,3360.5515
FDV56,1621.4304
FDY43,2822.7708
FDV35,2474.8052
FDF05,731.2543
FDA36,2950.0024
FDS13,5642.8555
FDU47,2272.3284
FDI36,630.9043
FDH48,1337.9679
FDZ14,1972.5876
FDS46,2122.2517
FDE21,2068.1943
FDA26,4408.3467
FDV12,1393.5552
FDL46,308.4128
FDN57,2135.045
NCJ18,2029.7897
FDO36,2970.5696
FDX55,2681.9648
FDT25,340.44043
FDD16,1180.9977
NCX18,3158.5845
NCG55,1674.0173
NCV18,1441.3795
NCS18,1748.1974
FDC37,1619.5168
FDE47,2029.7875
DRG49,825.15924
FDC39,3794.3867
FDH24,471.47766
FDV39,4624.4644
NCL17,2022.2594
NCY53,1911.1185
FDH52,1067.2356
NCD19,771.8009
FDI44,1221.0969
DRD49,6007.267
FDN08,1887.0208
FDO20,6077.4995
FDY02,3908.8398
FDX23,1460.1405
FDX01,2058.1628
FDH20,2556.386
NCX41,4514.1025
FDD21,3179.22
DRH11,194.23341
DRE60,3606.7815
FDB10,4045.0154
FDH38,1911.8335
NCL07,465.81488
FDD48,1917.7848
NCT54,2639.421
FDF32,5736.6587
DRH51,1283.5852
DRG03,2343.7373
NCY42,438.66464
FDH32,1687.9716
NCJ06,3241.5413
FDH47,2919.408
FDZ08,1161.1008
FDK16,1741.4106
DRG01,932.14014
NCM53,2602.7427
NCB07,2963.9348
NCZ06,3723.5847
FDU48,2164.2148
NCB55,2013.5485
FDP15,4466.4614
FDF17,3231.5261
NCN06,3012.3818
DRM48,469.90704
FDH10,1979.8773
FDC60,1353.892
FDE35,784.7572
DRI23,2677.888
NCR38,3975.119
FDP04,989.46295
NCW17,2284.4731
FDX34,2072.8015
NCK53,1560.1577
NCO54,156.74579
NCH55,2063.8723
FDT44,3584.2598
DRG49,4467.195
FDX46,132.70984
DRG36,3101.8213
FDU37,1356.8715
FDK10,2680.9866
DRF37,6567.8247
FDC44,2088.744
FDP15,3970.4976
FDZ27,1359.4614
FDY22,323.46866
DRG51,2724.8691
FDN58,3621.9446
FDW01,2514.3423
FDX24,1273.0261
FDO51,719.45966
FDJ52,4077.956
NCY06,326.40714
FDE20,2553.3015
FDT23,211.06624
FDQ51,724.7912
FDE35,937.36475
FDB46,3248.2593
NCG19,3189.276
NCL06,3579.1013
FDT36,112.70509
FDC56,2055.6147
FDJ26,3560.3162
FDZ59,2710.5615
FDV11,4908.3066
FDR13,322.96927
FDI15,3160.266
FDF47,3205.8848
NCB54,346.6852
NCK19,5848.0903
FDX16,2547.5742
FDL50,2040.6222
NCE31,633.9038
DRJ01,2684.6292
FDE22,2601.3237
FDY20,274.39285
NCO14,666.5102
NCR50,2634.9243
DRM47,3205.1377
FDO27,252.48318
FDJ20,3258.3198
NCX17,3359.8777
FDG59,650.3461
FDD52,1548.7095
FDO48,4156.437
FDC59,213.08913
FDS15,1369.5825
FDB47,3994.9749
FDV14,259.85828
FDB27,3329.9626
FDA35,2144.6646
FDN51,3660.9143
FDO39,812.1279
FDB28,3151.2234
DRJ25,779.675
FDH46,2853.5325
FDI10,2725.9006
FDU21,458.29373
FDD09,3174.0725
FDD10,2667.519
FDN31,517.35565
FDA46,2863.3518
FDM56,1667.825
FDF11,676.9699
FDS32,1871.476
NCM06,2365.0515
FDZ26,3644.9224
FDO01,1934.0293
FDJ46,3031.348
FDG26,676.8246
FDZ38,3270.2793
NCO55,1690.531
FDT60,2106.3628
FDW37,1325.0941
NCK42,2761.9038
FDA45,2356.9521
FDW55,3575.5828
FDY44,3258.3877
FDQ31,1457.0302
FDM09,2907.4065
FDH12,1369.5825
NCQ43,1549.1594
FDT33,2906.4768
NCT41,2175.8416
DRJ25,151.10963
NCQ41,3242.6
NCN17,1658.0493
DRO35,2732.331
FDU27,760.13983
FDY43,4568.279
FDG46,1966.8375
DRL49,1759.7449
NCB55,924.2628
FDK28,4769.3623
FDO49,753.8776
FDT03,1735.2441
FDW33,2698.0632
FDR02,1921.93
FDF50,2894.5513
FDA40,1186.9335
NCT53,2511.6033
FDY60,2356.5496
FDP44,2536.2117
NCQ50,3877.8591
NCC30,2934.4365
FDQ60,1852.4191
FDG41,1664.2181
FDQ03,4005.4956
FDM03,1605.6376
FDZ51,1272.387
DRF51,693.2959
FDF39,4718.191
FDW52,2835.9993
FDY22,2607.355
FDG14,2390.391
FDA57,668.5727
FDL45,317.00137
FDX28,1458.1735
NCQ54,2994.966
FDH40,1285.3737
FDU52,2496.1355
FDT60,325.49246
FDK08,1405.6301
FDN04,2994.9675
FDE50,3160.8584
FDI16,802.6551
FDM50,976.3862
NCV30,1001.0805
FDT44,1919.1885
FDY60,2480.9675
FDT56,943.727
FDV58,2493.298
FDU04,2218.1418
NCN05,4275.2666
FDI53,2335.7788
FDD34,2545.6455
FDW47,3498.8564
FDT51,2926.8938
FDO27,1559.2496
NCQ18,1422.0608
NCW05,1696.6761
FDI15,1038.2122
NCH43,417.79117
FDT40,1806.3837
NCG19,2734.656
NCM30,678.87146
FDB38,2742.681
FDB22,2407.0566
FDC58,686.6682
NCI29,2067.9995
FDA23,206.19588
DRG48,2186.733
FDV21,2145.664
NCG18,290.19165
FDG40,595.4816
FDU24,1302.5237
FDA22,3175.566
FDY35,802.28687
FDJ15,3012.608
NCW18,3509.729
FDK56,2905.6655
FDF44,2062.4133
FDP51,1861.995
FDU22,3521.1746
FDM28,3014.7864
NCL42,4145.5894
FDJ15,647.60425
FDI32,1750.6703
DRL11,2473.5603
DRO59,932.14014
FDA07,337.46466
NCO53,3112.998
FDO21,3713.8496
FDW39,2907.794
NCV17,2262.871
FDE22,2448.9355
NCB06,2335.2515
DRF48,3140.2996
FDB05,3861.4128
FDP28,6578.254
FDP23,4028.6528
NCS41,2757.1997
FDS40,456.5857
FDA16,4151.9844
FDN20,3089.2478
FDF04,6174.7793
DRG36,2410.2495
FDW16,1271.1681
FDU09,948.3841
FDW01,2452.0496
FDB15,3979.8884
NCJ17,1382.0072
NCT18,2617.5308
FDG16,2896.3762
FDP27,3235.809
FDQ44,3656.6218
FDL50,3337.2344
FDW57,4294.456
FDS34,1809.2694
NCV30,1000.2572
FDD26,2477.9631
FDA03,2367.1711
FDS27,2598.6626
FDM12,3021.9524
NCV42,2882.4138
NCS41,3120.8765
FDN56,1810.1742
DRK59,3527.0352
NCG18,1699.9819
NCN26,1995.4368
FDI60,1812.8284
NCI43,760.4623
NCL17,2169.0793
FDQ19,636.7909
FDY43,2919.5327
FDR36,708.4804
FDJ58,2927.575
DRY23,716.15826
FDK26,5013.443
DRH03,1521.7297
FDC10,341.648
FDD23,3536.696
FDP32,1849.4873
FDO31,1494.2776
FDQ57,2380.655
FDX32,3667.364
FDC39,5494.3657
FDU55,4198.7188
FDL45,2155.3625
DRK37,3951.2256
FDK22,3120.6763
DRG37,3931.6108
FDK22,3328.996
DRH36,872.9461
DRC36,2623.5413
DRE03,962.3931
FDF34,2760.8308
FDZ22,1357.7744
FDC44,322.16476
FDN31,5131.747
FDO03,4187.152
FDA01,950.33795
NCH42,4864.733
FDF46,1703.0629
DRL35,681.7019
FDW46,1101.6948
FDB58,2209.6694
FDD47,2486.4858
NCO17,1773.2125
FDJ26,4331.901
FDU37,1324.7852
